"rowId","modelId","brand","model","symptomId","topology","evidenceDecision","activationDisposition","profile","sourceIds"
"maytag-med4500mw__will-not-start","maytag-med4500mw","Maytag","MED4500MW","will-not-start","vented-electric-dryer","supported","promotable","dryer-start-visible-only","maytag-dryer-start"
"maytag-med4500mw__not-heating","maytag-med4500mw","Maytag","MED4500MW","not-heating","vented-electric-dryer","supported","promotable","dryer-heat-visible-only","maytag-electric-dryer-heat"
"maytag-med4500mw__drum-will-not-turn","maytag-med4500mw","Maytag","MED4500MW","drum-will-not-turn","vented-electric-dryer","supported","promotable-with-safe-profile-fork","dryer-drum-no-manual-rotation","maytag-dryer-tumble"
"electrolux-elfe7637at__will-not-start","electrolux-elfe7637at","Electrolux","ELFE7637AT","will-not-start","vented-electric-dryer","supported","promotable","dryer-start-visible-only","electrolux-dryer-start"
"electrolux-elfe7637at__not-heating","electrolux-elfe7637at","Electrolux","ELFE7637AT","not-heating","vented-electric-dryer","supported","promotable","dryer-heat-visible-only","electrolux-electric-dryer-heat"
"electrolux-elfe7637at__drum-will-not-turn","electrolux-elfe7637at","Electrolux","ELFE7637AT","drum-will-not-turn","vented-electric-dryer","supported","promotable-with-safe-profile-fork","dryer-drum-no-manual-rotation","electrolux-dryer-stop-overload"
"frigidaire-ffre4120sw__will-not-start","frigidaire-ffre4120sw","Frigidaire","FFRE4120SW","will-not-start","vented-electric-dryer","supported","promotable","dryer-start-visible-only","frigidaire-dryer-start"
"frigidaire-ffre4120sw__not-heating","frigidaire-ffre4120sw","Frigidaire","FFRE4120SW","not-heating","vented-electric-dryer","supported","promotable","dryer-heat-visible-only","frigidaire-electric-dryer-heat"
"frigidaire-ffre4120sw__drum-will-not-turn","frigidaire-ffre4120sw","Frigidaire","FFRE4120SW","drum-will-not-turn","vented-electric-dryer","supported","promotable-with-safe-profile-fork","dryer-drum-no-manual-rotation","frigidaire-dryer-stop-overload"
"amana-ned4655ew__will-not-start","amana-ned4655ew","Amana","NED4655EW","will-not-start","vented-electric-dryer","supported","promotable","dryer-start-visible-only","amana-dryer-start"
"amana-ned4655ew__not-heating","amana-ned4655ew","Amana","NED4655EW","not-heating","vented-electric-dryer","supported","promotable","dryer-heat-visible-only","amana-electric-dryer-heat"
"amana-ned4655ew__drum-will-not-turn","amana-ned4655ew","Amana","NED4655EW","drum-will-not-turn","vented-electric-dryer","supported","promotable-with-safe-profile-fork","dryer-drum-no-manual-rotation","amana-dryer-tumble"
"hotpoint-htx24easkws__will-not-start","hotpoint-htx24easkws","Hotpoint","HTX24EASKWS","will-not-start","vented-electric-dryer","supported","promotable","dryer-start-visible-only","ge-hotpoint-dryer-start"
"hotpoint-htx24easkws__not-heating","hotpoint-htx24easkws","Hotpoint","HTX24EASKWS","not-heating","vented-electric-dryer","supported","promotable","dryer-heat-visible-only","ge-hotpoint-electric-dryer-heat"
"hotpoint-htx24easkws__drum-will-not-turn","hotpoint-htx24easkws","Hotpoint","HTX24EASKWS","drum-will-not-turn","vented-electric-dryer","supported","promotable-with-safe-profile-fork","dryer-drum-no-manual-rotation","ge-hotpoint-dryer-drum"
"hotpoint-htx26easwww__will-not-start","hotpoint-htx26easwww","Hotpoint","HTX26EASWWW","will-not-start","vented-electric-dryer","supported","promotable","dryer-start-visible-only","ge-hotpoint-dryer-start"
"hotpoint-htx26easwww__not-heating","hotpoint-htx26easwww","Hotpoint","HTX26EASWWW","not-heating","vented-electric-dryer","supported","promotable","dryer-heat-visible-only","ge-hotpoint-electric-dryer-heat"
"hotpoint-htx26easwww__drum-will-not-turn","hotpoint-htx26easwww","Hotpoint","HTX26EASWWW","drum-will-not-turn","vented-electric-dryer","supported","promotable-with-safe-profile-fork","dryer-drum-no-manual-rotation","ge-hotpoint-dryer-drum"
"maytag-med6230hw__will-not-start","maytag-med6230hw","Maytag","MED6230HW","will-not-start","vented-electric-dryer","supported","promotable","dryer-start-visible-only","maytag-dryer-start"
"maytag-med6230hw__not-heating","maytag-med6230hw","Maytag","MED6230HW","not-heating","vented-electric-dryer","supported","promotable","dryer-heat-visible-only","maytag-electric-dryer-heat"
"maytag-med6230hw__drum-will-not-turn","maytag-med6230hw","Maytag","MED6230HW","drum-will-not-turn","vented-electric-dryer","supported","promotable-with-safe-profile-fork","dryer-drum-no-manual-rotation","maytag-dryer-tumble"
"maytag-med7230hw__will-not-start","maytag-med7230hw","Maytag","MED7230HW","will-not-start","vented-electric-dryer","supported","promotable","dryer-start-visible-only","maytag-dryer-start"
"maytag-med7230hw__not-heating","maytag-med7230hw","Maytag","MED7230HW","not-heating","vented-electric-dryer","supported","promotable","dryer-heat-visible-only","maytag-electric-dryer-heat"
"maytag-med7230hw__drum-will-not-turn","maytag-med7230hw","Maytag","MED7230HW","drum-will-not-turn","vented-electric-dryer","supported","promotable-with-safe-profile-fork","dryer-drum-no-manual-rotation","maytag-dryer-tumble"
"amana-ned5800hw__will-not-start","amana-ned5800hw","Amana","NED5800HW","will-not-start","vented-electric-dryer","supported","promotable","dryer-start-visible-only","amana-dryer-start"
"amana-ned5800hw__not-heating","amana-ned5800hw","Amana","NED5800HW","not-heating","vented-electric-dryer","supported","promotable","dryer-heat-visible-only","amana-electric-dryer-heat"
"amana-ned5800hw__drum-will-not-turn","amana-ned5800hw","Amana","NED5800HW","drum-will-not-turn","vented-electric-dryer","supported","promotable-with-safe-profile-fork","dryer-drum-no-manual-rotation","amana-dryer-tumble"
"electrolux-elfe7337aw__will-not-start","electrolux-elfe7337aw","Electrolux","ELFE7337AW","will-not-start","vented-electric-dryer","supported","promotable","dryer-start-visible-only","electrolux-dryer-start"
"electrolux-elfe7337aw__not-heating","electrolux-elfe7337aw","Electrolux","ELFE7337AW","not-heating","vented-electric-dryer","supported","promotable","dryer-heat-visible-only","electrolux-electric-dryer-heat"
"electrolux-elfe7337aw__drum-will-not-turn","electrolux-elfe7337aw","Electrolux","ELFE7337AW","drum-will-not-turn","vented-electric-dryer","supported","promotable-with-safe-profile-fork","dryer-drum-no-manual-rotation","electrolux-dryer-stop-overload"
"frigidaire-flve7000aw__will-not-start","frigidaire-flve7000aw","Frigidaire","FLVE7000AW","will-not-start","vented-electric-dryer","supported","promotable","dryer-start-visible-only","frigidaire-dryer-start"
"frigidaire-flve7000aw__not-heating","frigidaire-flve7000aw","Frigidaire","FLVE7000AW","not-heating","vented-electric-dryer","supported","promotable","dryer-heat-visible-only","frigidaire-electric-dryer-heat"
"frigidaire-flve7000aw__drum-will-not-turn","frigidaire-flve7000aw","Frigidaire","FLVE7000AW","drum-will-not-turn","vented-electric-dryer","supported","promotable-with-safe-profile-fork","dryer-drum-no-manual-rotation","frigidaire-dryer-stop-overload"
"bosch-wtg86403uc01__will-not-start","bosch-wtg86403uc01","Bosch","WTG86403UC/01","will-not-start","compact-condensation-electric-dryer","supported","promotable","dryer-start-visible-only","bosch-dryer-start|bosch-wtg86403uc01-manual"
"bosch-wtg86403uc01__not-heating","bosch-wtg86403uc01","Bosch","WTG86403UC/01","not-heating","compact-condensation-electric-dryer","supported","promotable","dryer-heat-visible-only","bosch-dryer-heat|bosch-wtg86403uc01-manual"
"bosch-wtg86403uc01__drum-will-not-turn","bosch-wtg86403uc01","Bosch","WTG86403UC/01","drum-will-not-turn","compact-condensation-electric-dryer","supported","promotable-with-safe-profile-fork","dryer-drum-no-manual-rotation","bosch-dryer-drum|bosch-wtg86403uc01-manual"
"maytag-med6500mbk__will-not-start","maytag-med6500mbk","Maytag","MED6500MBK","will-not-start","vented-electric-dryer","supported","promotable","dryer-start-visible-only","maytag-dryer-start"
"maytag-med6500mbk__not-heating","maytag-med6500mbk","Maytag","MED6500MBK","not-heating","vented-electric-dryer","supported","promotable","dryer-heat-visible-only","maytag-electric-dryer-heat"
"maytag-med6500mbk__drum-will-not-turn","maytag-med6500mbk","Maytag","MED6500MBK","drum-will-not-turn","vented-electric-dryer","supported","promotable-with-safe-profile-fork","dryer-drum-no-manual-rotation","maytag-dryer-tumble"
"electrolux-elfe7437aw__will-not-start","electrolux-elfe7437aw","Electrolux","ELFE7437AW","will-not-start","vented-electric-dryer","supported","promotable","dryer-start-visible-only","electrolux-dryer-start"
"electrolux-elfe7437aw__not-heating","electrolux-elfe7437aw","Electrolux","ELFE7437AW","not-heating","vented-electric-dryer","supported","promotable","dryer-heat-visible-only","electrolux-electric-dryer-heat"
"electrolux-elfe7437aw__drum-will-not-turn","electrolux-elfe7437aw","Electrolux","ELFE7437AW","drum-will-not-turn","vented-electric-dryer","supported","promotable-with-safe-profile-fork","dryer-drum-no-manual-rotation","electrolux-dryer-stop-overload"
