"row_id","roster","coverage_status","category","brand","model_family","symptom_id","capability_tier","model_source_id","troubleshooting_source_ids","proposed_profile","gap_count","verified_on"
"lg-wm3400cw__will-not-drain","existing-131","implemented","washer","LG","WM3400CW","will-not-drain","guided-checks","lg-wm3400cw-model","lg-no-drain|lg-filter","washer-front-drain","0","2026-08-28"
"lg-wm3400cw__door-will-not-close","existing-131","candidate","washer","LG","WM3400CW","door-will-not-close","guided-checks","lg-wm3400cw-model","lg-front-washer-door","washer-door-closure-observation","2","2026-08-28"
"lg-wm3400cw__slow-water-flow","existing-131","unsupported","washer","LG","WM3400CW","slow-water-flow","unsupported","lg-wm3400cw-model","","","1","2026-08-28"
"lg-wm4000hwa__will-not-drain","existing-131","implemented","washer","LG","WM4000HWA","will-not-drain","guided-checks","lg-wm4000hwa-model","lg-no-drain|lg-filter","washer-front-drain","0","2026-08-28"
"lg-wm4000hwa__door-will-not-close","existing-131","candidate","washer","LG","WM4000HWA","door-will-not-close","guided-checks","lg-wm4000hwa-model","lg-front-washer-door","washer-door-closure-observation","2","2026-08-28"
"lg-wm4000hwa__slow-water-flow","existing-131","unsupported","washer","LG","WM4000HWA","slow-water-flow","unsupported","lg-wm4000hwa-model","","","1","2026-08-28"
"samsung-wf45t6000aw__will-not-drain","existing-131","implemented","washer","Samsung","WF45T6000AW","will-not-drain","purchase-ready","samsung-wf45t6000aw-model","samsung-no-drain|samsung-filter","washer-front-drain","0","2026-08-28"
"samsung-wf45t6000aw__door-will-not-close","existing-131","candidate","washer","Samsung","WF45T6000AW","door-will-not-close","guided-checks","samsung-wf45t6000aw-model","samsung-washer-door","washer-door-closure-observation","2","2026-08-28"
"samsung-wf45t6000aw__slow-water-flow","existing-131","unsupported","washer","Samsung","WF45T6000AW","slow-water-flow","unsupported","samsung-wf45t6000aw-model","","","1","2026-08-28"
"samsung-wf45b6300aw__will-not-drain","existing-131","implemented","washer","Samsung","WF45B6300AW","will-not-drain","purchase-ready","samsung-wf45b6300aw-model","samsung-no-drain|samsung-filter","washer-front-drain","0","2026-08-28"
"samsung-wf45b6300aw__door-will-not-close","existing-131","candidate","washer","Samsung","WF45B6300AW","door-will-not-close","guided-checks","samsung-wf45b6300aw-model","samsung-washer-door","washer-door-closure-observation","2","2026-08-28"
"samsung-wf45b6300aw__slow-water-flow","existing-131","unsupported","washer","Samsung","WF45B6300AW","slow-water-flow","unsupported","samsung-wf45b6300aw-model","","","1","2026-08-28"
"ge-gfw550ssnww__will-not-drain","existing-131","implemented","washer","GE","GFW550SSNWW","will-not-drain","purchase-ready","ge-gfw550ssnww-model","ge-guidance","washer-front-drain","0","2026-08-28"
"ge-gfw550ssnww__door-will-not-close","existing-131","unsupported","washer","GE","GFW550SSNWW","door-will-not-close","unsupported","ge-gfw550ssnww-model","","","1","2026-08-28"
"ge-gfw550ssnww__slow-water-flow","existing-131","unsupported","washer","GE","GFW550SSNWW","slow-water-flow","unsupported","ge-gfw550ssnww-model","","","1","2026-08-28"
"ge-gfw650ssnww__will-not-drain","existing-131","implemented","washer","GE","GFW650SSNWW","will-not-drain","guided-checks","ge-gfw650ssnww-model","ge-guidance","washer-front-drain","0","2026-08-28"
"ge-gfw650ssnww__door-will-not-close","existing-131","unsupported","washer","GE","GFW650SSNWW","door-will-not-close","unsupported","ge-gfw650ssnww-model","","","1","2026-08-28"
"ge-gfw650ssnww__slow-water-flow","existing-131","unsupported","washer","GE","GFW650SSNWW","slow-water-flow","unsupported","ge-gfw650ssnww-model","","","1","2026-08-28"
"whirlpool-wfw5605mw__will-not-drain","existing-131","implemented","washer","Whirlpool","WFW5605MW","will-not-drain","guided-checks","whirlpool-wfw5605mw-model","whirlpool-no-drain|whirlpool-filter","washer-front-drain","0","2026-08-28"
"whirlpool-wfw5605mw__door-will-not-close","existing-131","candidate","washer","Whirlpool","WFW5605MW","door-will-not-close","guided-checks","whirlpool-wfw5605mw-model","whirlpool-front-washer-door","washer-door-closure-observation","2","2026-08-28"
"whirlpool-wfw5605mw__slow-water-flow","existing-131","unsupported","washer","Whirlpool","WFW5605MW","slow-water-flow","unsupported","whirlpool-wfw5605mw-model","","","1","2026-08-28"
"whirlpool-wfw6620hw__will-not-drain","existing-131","implemented","washer","Whirlpool","WFW6620HW","will-not-drain","guided-checks","whirlpool-wfw6620hw-model","whirlpool-no-drain|whirlpool-filter","washer-front-drain","0","2026-08-28"
"whirlpool-wfw6620hw__door-will-not-close","existing-131","candidate","washer","Whirlpool","WFW6620HW","door-will-not-close","guided-checks","whirlpool-wfw6620hw-model","whirlpool-front-washer-door","washer-door-closure-observation","2","2026-08-28"
"whirlpool-wfw6620hw__slow-water-flow","existing-131","unsupported","washer","Whirlpool","WFW6620HW","slow-water-flow","unsupported","whirlpool-wfw6620hw-model","","","1","2026-08-28"
"maytag-mhw5630hw__will-not-drain","existing-131","implemented","washer","Maytag","MHW5630HW","will-not-drain","guided-checks","maytag-mhw5630hw-model","maytag-no-drain|maytag-filter","washer-front-drain","0","2026-08-28"
"maytag-mhw5630hw__door-will-not-close","existing-131","candidate","washer","Maytag","MHW5630HW","door-will-not-close","guided-checks","maytag-mhw5630hw-model","maytag-front-washer-door","washer-door-closure-observation","2","2026-08-28"
"maytag-mhw5630hw__slow-water-flow","existing-131","unsupported","washer","Maytag","MHW5630HW","slow-water-flow","unsupported","maytag-mhw5630hw-model","","","1","2026-08-28"
"maytag-mhw6630hw__will-not-drain","existing-131","implemented","washer","Maytag","MHW6630HW","will-not-drain","guided-checks","maytag-mhw6630hw-model","maytag-no-drain|maytag-filter","washer-front-drain","0","2026-08-28"
"maytag-mhw6630hw__door-will-not-close","existing-131","candidate","washer","Maytag","MHW6630HW","door-will-not-close","guided-checks","maytag-mhw6630hw-model","maytag-front-washer-door","washer-door-closure-observation","2","2026-08-28"
"maytag-mhw6630hw__slow-water-flow","existing-131","unsupported","washer","Maytag","MHW6630HW","slow-water-flow","unsupported","maytag-mhw6630hw-model","","","1","2026-08-28"
"electrolux-elfw7537at__will-not-drain","existing-131","implemented","washer","Electrolux","ELFW7537AT","will-not-drain","guided-checks","electrolux-elfw7537at-model","electrolux-e21","washer-hose-only","0","2026-08-28"
"electrolux-elfw7537at__door-will-not-close","existing-131","candidate","washer","Electrolux","ELFW7537AT","door-will-not-close","guided-checks","electrolux-elfw7537at-model","electrolux-front-washer-door","washer-door-closure-observation","2","2026-08-28"
"electrolux-elfw7537at__slow-water-flow","existing-131","unsupported","washer","Electrolux","ELFW7537AT","slow-water-flow","unsupported","electrolux-elfw7537at-model","","","1","2026-08-28"
"electrolux-elfw7637at__will-not-drain","existing-131","implemented","washer","Electrolux","ELFW7637AT","will-not-drain","guided-checks","electrolux-elfw7637at-model","electrolux-e21","washer-hose-only","0","2026-08-28"
"electrolux-elfw7637at__door-will-not-close","existing-131","candidate","washer","Electrolux","ELFW7637AT","door-will-not-close","guided-checks","electrolux-elfw7637at-model","electrolux-front-washer-door","washer-door-closure-observation","2","2026-08-28"
"electrolux-elfw7637at__slow-water-flow","existing-131","unsupported","washer","Electrolux","ELFW7637AT","slow-water-flow","unsupported","electrolux-elfw7637at-model","","","1","2026-08-28"
"lg-wt7400cw__will-not-drain","existing-131","implemented","washer","LG","WT7400CW","will-not-drain","guided-checks","lg-wt7400cw-model","lg-top-load-no-drain","washer-hose-only","0","2026-08-28"
"lg-wt7400cw__door-will-not-close","existing-131","candidate","washer","LG","WT7400CW","door-will-not-close","guided-checks","lg-wt7400cw-model","lg-top-washer-lid","washer-door-closure-observation","2","2026-08-28"
"lg-wt7400cw__slow-water-flow","existing-131","unsupported","washer","LG","WT7400CW","slow-water-flow","unsupported","lg-wt7400cw-model","","","1","2026-08-28"
"lg-wt7405cw__will-not-drain","existing-131","implemented","washer","LG","WT7405CW","will-not-drain","guided-checks","lg-wt7405cw-model","lg-top-load-no-drain","washer-hose-only","0","2026-08-28"
"lg-wt7405cw__door-will-not-close","existing-131","candidate","washer","LG","WT7405CW","door-will-not-close","guided-checks","lg-wt7405cw-model","lg-top-washer-lid","washer-door-closure-observation","2","2026-08-28"
"lg-wt7405cw__slow-water-flow","existing-131","unsupported","washer","LG","WT7405CW","slow-water-flow","unsupported","lg-wt7405cw-model","","","1","2026-08-28"
"ge-gtw465asnww__will-not-drain","existing-131","implemented","washer","GE","GTW465ASNWW","will-not-drain","guided-checks","ge-gtw465asnww-model","ge-top-load-no-drain","washer-hose-only","0","2026-08-28"
"ge-gtw465asnww__door-will-not-close","existing-131","unsupported","washer","GE","GTW465ASNWW","door-will-not-close","unsupported","ge-gtw465asnww-model","","","1","2026-08-28"
"ge-gtw465asnww__slow-water-flow","existing-131","unsupported","washer","GE","GTW465ASNWW","slow-water-flow","unsupported","ge-gtw465asnww-model","","","1","2026-08-28"
"ge-gtw585bsvws__will-not-drain","existing-131","implemented","washer","GE","GTW585BSVWS","will-not-drain","guided-checks","ge-gtw585bsvws-model","ge-top-load-no-drain","washer-hose-only","0","2026-08-28"
"ge-gtw585bsvws__door-will-not-close","existing-131","unsupported","washer","GE","GTW585BSVWS","door-will-not-close","unsupported","ge-gtw585bsvws-model","","","1","2026-08-28"
"ge-gtw585bsvws__slow-water-flow","existing-131","unsupported","washer","GE","GTW585BSVWS","slow-water-flow","unsupported","ge-gtw585bsvws-model","","","1","2026-08-28"
"samsung-wa45t3200aw__will-not-drain","existing-131","implemented","washer","Samsung","WA45T3200AW","will-not-drain","guided-checks","samsung-wa45t3200aw-model","samsung-no-drain","washer-hose-only","0","2026-08-28"
"samsung-wa45t3200aw__door-will-not-close","existing-131","candidate","washer","Samsung","WA45T3200AW","door-will-not-close","guided-checks","samsung-wa45t3200aw-model","samsung-washer-door","washer-door-closure-observation","2","2026-08-28"
"samsung-wa45t3200aw__slow-water-flow","existing-131","unsupported","washer","Samsung","WA45T3200AW","slow-water-flow","unsupported","samsung-wa45t3200aw-model","","","1","2026-08-28"
"whirlpool-wtw5057lw__will-not-drain","existing-131","implemented","washer","Whirlpool","WTW5057LW","will-not-drain","guided-checks","whirlpool-wtw5057lw-model","whirlpool-top-load-no-drain","washer-hose-only","0","2026-08-28"
"whirlpool-wtw5057lw__door-will-not-close","existing-131","candidate","washer","Whirlpool","WTW5057LW","door-will-not-close","guided-checks","whirlpool-wtw5057lw-model","whirlpool-top-washer-lid","washer-door-closure-observation","2","2026-08-28"
"whirlpool-wtw5057lw__slow-water-flow","existing-131","unsupported","washer","Whirlpool","WTW5057LW","slow-water-flow","unsupported","whirlpool-wtw5057lw-model","","","1","2026-08-28"
"maytag-mvw5430mw__will-not-drain","existing-131","implemented","washer","Maytag","MVW5430MW","will-not-drain","guided-checks","maytag-mvw5430mw-model","maytag-top-load-no-drain","washer-hose-only","0","2026-08-28"
"maytag-mvw5430mw__door-will-not-close","existing-131","candidate","washer","Maytag","MVW5430MW","door-will-not-close","guided-checks","maytag-mvw5430mw-model","maytag-top-washer-lid","washer-door-closure-observation","2","2026-08-28"
"maytag-mvw5430mw__slow-water-flow","existing-131","unsupported","washer","Maytag","MVW5430MW","slow-water-flow","unsupported","maytag-mvw5430mw-model","","","1","2026-08-28"
"whirlpool-wdt750sakz1__will-not-drain","existing-131","implemented","dishwasher","Whirlpool","WDT750SAKZ1","will-not-drain","purchase-ready","whirlpool-wdt750sakz1-model","whirlpool-dishwasher-drain","dishwasher-drain","0","2026-08-28"
"whirlpool-wdt750sakz1__door-will-not-close","existing-131","candidate","dishwasher","Whirlpool","WDT750SAKZ1","door-will-not-close","guided-checks","whirlpool-wdt750sakz1-model","whirlpool-dishwasher-door","dishwasher-door-closure-observation","2","2026-08-28"
"whirlpool-wdt750sakz1__slow-water-flow","existing-131","unsupported","dishwasher","Whirlpool","WDT750SAKZ1","slow-water-flow","unsupported","whirlpool-wdt750sakz1-model","","","1","2026-08-28"
"bosch-shpm65z55n20__will-not-drain","existing-131","implemented","dishwasher","Bosch","SHPM65Z55N/20","will-not-drain","guided-checks","bosch-shpm65z55n20-model","bosch-dishwasher-drain","dishwasher-drain","0","2026-08-28"
"bosch-shpm65z55n20__door-will-not-close","existing-131","candidate","dishwasher","Bosch","SHPM65Z55N/20","door-will-not-close","guided-checks","bosch-shpm65z55n20-model","bosch-dishwasher-door","dishwasher-door-closure-observation","2","2026-08-28"
"bosch-shpm65z55n20__slow-water-flow","existing-131","unsupported","dishwasher","Bosch","SHPM65Z55N/20","slow-water-flow","unsupported","bosch-shpm65z55n20-model","","","1","2026-08-28"
"ge-gdf670syvfs__will-not-drain","existing-131","implemented","dishwasher","GE","GDF670SYVFS","will-not-drain","guided-checks","ge-gdf670syvfs-model","ge-dishwasher-support","dishwasher-drain","0","2026-08-28"
"ge-gdf670syvfs__door-will-not-close","existing-131","candidate","dishwasher","GE","GDF670SYVFS","door-will-not-close","guided-checks","ge-gdf670syvfs-model","ge-dishwasher-door","dishwasher-door-closure-observation","2","2026-08-28"
"ge-gdf670syvfs__slow-water-flow","existing-131","unsupported","dishwasher","GE","GDF670SYVFS","slow-water-flow","unsupported","ge-gdf670syvfs-model","","","1","2026-08-28"
"kitchenaid-kdtm404kps__will-not-drain","existing-131","implemented","dishwasher","KitchenAid","KDTM404KPS","will-not-drain","guided-checks","kitchenaid-kdtm404kps-model","kitchenaid-dishwasher-support","dishwasher-drain","0","2026-08-28"
"kitchenaid-kdtm404kps__door-will-not-close","existing-131","candidate","dishwasher","KitchenAid","KDTM404KPS","door-will-not-close","guided-checks","kitchenaid-kdtm404kps-model","kitchenaid-dishwasher-door","dishwasher-door-closure-observation","2","2026-08-28"
"kitchenaid-kdtm404kps__slow-water-flow","existing-131","unsupported","dishwasher","KitchenAid","KDTM404KPS","slow-water-flow","unsupported","kitchenaid-kdtm404kps-model","","","1","2026-08-28"
"ge-gtd42easj2ww__will-not-drain","existing-131","unsupported","dryer","GE","GTD42EASJ2WW","will-not-drain","unsupported","ge-gtd42easj2ww-model","","","1","2026-08-28"
"ge-gtd42easj2ww__door-will-not-close","existing-131","implemented","dryer","GE","GTD42EASJ2WW","door-will-not-close","purchase-ready","ge-gtd42easj2ww-model","ge-dryer-door","dryer-door-strike","0","2026-08-28"
"ge-gtd42easj2ww__slow-water-flow","existing-131","unsupported","dryer","GE","GTD42EASJ2WW","slow-water-flow","unsupported","ge-gtd42easj2ww-model","","","1","2026-08-28"
"whirlpool-wed4950hw__will-not-drain","existing-131","unsupported","dryer","Whirlpool","WED4950HW","will-not-drain","unsupported","whirlpool-wed4950hw-model","","","1","2026-08-28"
"whirlpool-wed4950hw__door-will-not-close","existing-131","implemented","dryer","Whirlpool","WED4950HW","door-will-not-close","purchase-ready","whirlpool-wed4950hw-model","whirlpool-dryer-support","dryer-door-strike","0","2026-08-28"
"whirlpool-wed4950hw__slow-water-flow","existing-131","unsupported","dryer","Whirlpool","WED4950HW","slow-water-flow","unsupported","whirlpool-wed4950hw-model","","","1","2026-08-28"
"maytag-med4500mw__will-not-drain","existing-131","unsupported","dryer","Maytag","MED4500MW","will-not-drain","unsupported","maytag-med4500mw-model","","","1","2026-08-28"
"maytag-med4500mw__door-will-not-close","existing-131","implemented","dryer","Maytag","MED4500MW","door-will-not-close","purchase-ready","maytag-med4500mw-model","maytag-dryer-support","dryer-door-strike","0","2026-08-28"
"maytag-med4500mw__slow-water-flow","existing-131","unsupported","dryer","Maytag","MED4500MW","slow-water-flow","unsupported","maytag-med4500mw-model","","","1","2026-08-28"
"lg-dle3400w__will-not-drain","existing-131","unsupported","dryer","LG","DLE3400W","will-not-drain","unsupported","lg-dle3400w-model","","","1","2026-08-28"
"lg-dle3400w__door-will-not-close","existing-131","implemented","dryer","LG","DLE3400W","door-will-not-close","guided-checks","lg-dle3400w-model","lg-dryer-support","dryer-door-strike","0","2026-08-28"
"lg-dle3400w__slow-water-flow","existing-131","unsupported","dryer","LG","DLE3400W","slow-water-flow","unsupported","lg-dle3400w-model","","","1","2026-08-28"
"ge-gss25gypfs__will-not-drain","existing-131","unsupported","refrigerator","GE","GSS25GYPFS","will-not-drain","unsupported","ge-gss25gypfs-model","","","1","2026-08-28"
"ge-gss25gypfs__door-will-not-close","existing-131","candidate","refrigerator","GE","GSS25GYPFS","door-will-not-close","guided-checks","ge-gss25gypfs-model","ge-refrigerator-door","refrigerator-door-closure-observation","2","2026-08-28"
"ge-gss25gypfs__slow-water-flow","existing-131","implemented","refrigerator","GE","GSS25GYPFS","slow-water-flow","purchase-ready","ge-gss25gypfs-model","ge-refrigerator-water","refrigerator-water-filter","0","2026-08-28"
"whirlpool-wrs315sdhz__will-not-drain","existing-131","unsupported","refrigerator","Whirlpool","WRS315SDHZ","will-not-drain","unsupported","whirlpool-wrs315sdhz-model","","","1","2026-08-28"
"whirlpool-wrs315sdhz__door-will-not-close","existing-131","candidate","refrigerator","Whirlpool","WRS315SDHZ","door-will-not-close","guided-checks","whirlpool-wrs315sdhz-model","whirlpool-refrigerator-door","refrigerator-door-closure-observation","2","2026-08-28"
"whirlpool-wrs315sdhz__slow-water-flow","existing-131","implemented","refrigerator","Whirlpool","WRS315SDHZ","slow-water-flow","purchase-ready","whirlpool-wrs315sdhz-model","whirlpool-refrigerator-support","refrigerator-water-filter","0","2026-08-28"
"samsung-rf28t5001sr__will-not-drain","existing-131","unsupported","refrigerator","Samsung","RF28T5001SR","will-not-drain","unsupported","samsung-rf28t5001sr-model","","","1","2026-08-28"
"samsung-rf28t5001sr__door-will-not-close","existing-131","candidate","refrigerator","Samsung","RF28T5001SR","door-will-not-close","guided-checks","samsung-rf28t5001sr-model","samsung-refrigerator-door","refrigerator-door-closure-observation","2","2026-08-28"
"samsung-rf28t5001sr__slow-water-flow","existing-131","implemented","refrigerator","Samsung","RF28T5001SR","slow-water-flow","purchase-ready","samsung-rf28t5001sr-model","samsung-refrigerator-support","refrigerator-water-filter","0","2026-08-28"
"lg-lrflc2706s__will-not-drain","existing-131","unsupported","refrigerator","LG","LRFLC2706S","will-not-drain","unsupported","lg-lrflc2706s-model","","","1","2026-08-28"
"lg-lrflc2706s__door-will-not-close","existing-131","candidate","refrigerator","LG","LRFLC2706S","door-will-not-close","guided-checks","lg-lrflc2706s-model","lg-refrigerator-door","refrigerator-door-closure-observation","2","2026-08-28"
"lg-lrflc2706s__slow-water-flow","existing-131","implemented","refrigerator","LG","LRFLC2706S","slow-water-flow","purchase-ready","lg-lrflc2706s-model","lg-refrigerator-support","refrigerator-water-filter","0","2026-08-28"
"frigidaire-fftw4120sw__will-not-drain","existing-131","implemented","washer","Frigidaire","FFTW4120SW","will-not-drain","guided-checks","frigidaire-fftw4120sw-model","frigidaire-washer-support","washer-hose-only","0","2026-08-28"
"frigidaire-fftw4120sw__door-will-not-close","existing-131","unsupported","washer","Frigidaire","FFTW4120SW","door-will-not-close","unsupported","frigidaire-fftw4120sw-model","","","1","2026-08-28"
"frigidaire-fftw4120sw__slow-water-flow","existing-131","unsupported","washer","Frigidaire","FFTW4120SW","slow-water-flow","unsupported","frigidaire-fftw4120sw-model","","","1","2026-08-28"
"frigidaire-fffw5000qw__will-not-drain","existing-131","implemented","washer","Frigidaire","FFFW5000QW","will-not-drain","guided-checks","frigidaire-fffw5000qw-model","frigidaire-washer-support","washer-hose-only","0","2026-08-28"
"frigidaire-fffw5000qw__door-will-not-close","existing-131","unsupported","washer","Frigidaire","FFFW5000QW","door-will-not-close","unsupported","frigidaire-fffw5000qw-model","","","1","2026-08-28"
"frigidaire-fffw5000qw__slow-water-flow","existing-131","unsupported","washer","Frigidaire","FFFW5000QW","slow-water-flow","unsupported","frigidaire-fffw5000qw-model","","","1","2026-08-28"
"amana-ntw4519jw__will-not-drain","existing-131","implemented","washer","Amana","NTW4519JW","will-not-drain","guided-checks","amana-ntw4519jw-model","amana-washer-support","washer-hose-only","0","2026-08-28"
"amana-ntw4519jw__door-will-not-close","existing-131","candidate","washer","Amana","NTW4519JW","door-will-not-close","guided-checks","amana-ntw4519jw-model","amana-top-washer-lid","washer-door-closure-observation","2","2026-08-28"
"amana-ntw4519jw__slow-water-flow","existing-131","unsupported","washer","Amana","NTW4519JW","slow-water-flow","unsupported","amana-ntw4519jw-model","","","1","2026-08-28"
"hotpoint-htw240askws__will-not-drain","existing-131","implemented","washer","Hotpoint","HTW240ASKWS","will-not-drain","guided-checks","hotpoint-htw240askws-model","ge-top-load-no-drain","washer-hose-only","0","2026-08-28"
"hotpoint-htw240askws__door-will-not-close","existing-131","unsupported","washer","Hotpoint","HTW240ASKWS","door-will-not-close","unsupported","hotpoint-htw240askws-model","","","1","2026-08-28"
"hotpoint-htw240askws__slow-water-flow","existing-131","unsupported","washer","Hotpoint","HTW240ASKWS","slow-water-flow","unsupported","hotpoint-htw240askws-model","","","1","2026-08-28"
"lg-ldfn4542s__will-not-drain","existing-131","implemented","dishwasher","LG","LDFN4542S","will-not-drain","guided-checks","lg-ldfn4542s-model","lg-dishwasher-support","dishwasher-drain","0","2026-08-28"
"lg-ldfn4542s__door-will-not-close","existing-131","unsupported","dishwasher","LG","LDFN4542S","door-will-not-close","unsupported","lg-ldfn4542s-model","","","1","2026-08-28"
"lg-ldfn4542s__slow-water-flow","existing-131","unsupported","dishwasher","LG","LDFN4542S","slow-water-flow","unsupported","lg-ldfn4542s-model","","","1","2026-08-28"
"samsung-dw80cg4021sr__will-not-drain","existing-131","implemented","dishwasher","Samsung","DW80CG4021SR","will-not-drain","guided-checks","samsung-dw80cg4021sr-model","samsung-dishwasher-support","dishwasher-drain","0","2026-08-28"
"samsung-dw80cg4021sr__door-will-not-close","existing-131","candidate","dishwasher","Samsung","DW80CG4021SR","door-will-not-close","guided-checks","samsung-dw80cg4021sr-model","samsung-dishwasher-door","dishwasher-door-closure-observation","2","2026-08-28"
"samsung-dw80cg4021sr__slow-water-flow","existing-131","unsupported","dishwasher","Samsung","DW80CG4021SR","slow-water-flow","unsupported","samsung-dw80cg4021sr-model","","","1","2026-08-28"
"amana-adb1400agw__will-not-drain","existing-131","implemented","dishwasher","Amana","ADB1400AGW","will-not-drain","guided-checks","amana-adb1400agw-model","amana-dishwasher-filter","dishwasher-drain","0","2026-08-28"
"amana-adb1400agw__door-will-not-close","existing-131","unsupported","dishwasher","Amana","ADB1400AGW","door-will-not-close","unsupported","amana-adb1400agw-model","","","1","2026-08-28"
"amana-adb1400agw__slow-water-flow","existing-131","unsupported","dishwasher","Amana","ADB1400AGW","slow-water-flow","unsupported","amana-adb1400agw-model","","","1","2026-08-28"
"frigidaire-fdph4316as__will-not-drain","existing-131","implemented","dishwasher","Frigidaire","FDPH4316AS","will-not-drain","guided-checks","frigidaire-fdph4316as-model","frigidaire-dishwasher-support","dishwasher-drain","0","2026-08-28"
"frigidaire-fdph4316as__door-will-not-close","existing-131","candidate","dishwasher","Frigidaire","FDPH4316AS","door-will-not-close","guided-checks","frigidaire-fdph4316as-model","frigidaire-dishwasher-door","dishwasher-door-closure-observation","2","2026-08-28"
"frigidaire-fdph4316as__slow-water-flow","existing-131","unsupported","dishwasher","Frigidaire","FDPH4316AS","slow-water-flow","unsupported","frigidaire-fdph4316as-model","","","1","2026-08-28"
"bosch-shem63w55n01__will-not-drain","existing-131","implemented","dishwasher","Bosch","SHEM63W55N/01","will-not-drain","guided-checks","bosch-shem63w55n01-model","bosch-dishwasher-drain","dishwasher-drain","0","2026-08-28"
"bosch-shem63w55n01__door-will-not-close","existing-131","candidate","dishwasher","Bosch","SHEM63W55N/01","door-will-not-close","guided-checks","bosch-shem63w55n01-model","bosch-dishwasher-door","dishwasher-door-closure-observation","2","2026-08-28"
"bosch-shem63w55n01__slow-water-flow","existing-131","unsupported","dishwasher","Bosch","SHEM63W55N/01","slow-water-flow","unsupported","bosch-shem63w55n01-model","","","1","2026-08-28"
"samsung-dve45t6000w__will-not-drain","existing-131","unsupported","dryer","Samsung","DVE45T6000W","will-not-drain","unsupported","samsung-dve45t6000w-model","","","1","2026-08-28"
"samsung-dve45t6000w__door-will-not-close","existing-131","implemented","dryer","Samsung","DVE45T6000W","door-will-not-close","guided-checks","samsung-dve45t6000w-model","samsung-dryer-support","dryer-door-strike","0","2026-08-28"
"samsung-dve45t6000w__slow-water-flow","existing-131","unsupported","dryer","Samsung","DVE45T6000W","slow-water-flow","unsupported","samsung-dve45t6000w-model","","","1","2026-08-28"
"electrolux-elfe7637at__will-not-drain","existing-131","unsupported","dryer","Electrolux","ELFE7637AT","will-not-drain","unsupported","electrolux-elfe7637at-model","","","1","2026-08-28"
"electrolux-elfe7637at__door-will-not-close","existing-131","implemented","dryer","Electrolux","ELFE7637AT","door-will-not-close","guided-checks","electrolux-elfe7637at-model","electrolux-dryer-support","dryer-door-strike","0","2026-08-28"
"electrolux-elfe7637at__slow-water-flow","existing-131","unsupported","dryer","Electrolux","ELFE7637AT","slow-water-flow","unsupported","electrolux-elfe7637at-model","","","1","2026-08-28"
"frigidaire-ffre4120sw__will-not-drain","existing-131","unsupported","dryer","Frigidaire","FFRE4120SW","will-not-drain","unsupported","frigidaire-ffre4120sw-model","","","1","2026-08-28"
"frigidaire-ffre4120sw__door-will-not-close","existing-131","implemented","dryer","Frigidaire","FFRE4120SW","door-will-not-close","guided-checks","frigidaire-ffre4120sw-model","frigidaire-dryer-support","dryer-door-strike","0","2026-08-28"
"frigidaire-ffre4120sw__slow-water-flow","existing-131","unsupported","dryer","Frigidaire","FFRE4120SW","slow-water-flow","unsupported","frigidaire-ffre4120sw-model","","","1","2026-08-28"
"amana-ned4655ew__will-not-drain","existing-131","unsupported","dryer","Amana","NED4655EW","will-not-drain","unsupported","amana-ned4655ew-model","","","1","2026-08-28"
"amana-ned4655ew__door-will-not-close","existing-131","implemented","dryer","Amana","NED4655EW","door-will-not-close","purchase-ready","amana-ned4655ew-model","amana-dryer-support","dryer-door-strike","0","2026-08-28"
"amana-ned4655ew__slow-water-flow","existing-131","unsupported","dryer","Amana","NED4655EW","slow-water-flow","unsupported","amana-ned4655ew-model","","","1","2026-08-28"
"hotpoint-htx24easkws__will-not-drain","existing-131","unsupported","dryer","Hotpoint","HTX24EASKWS","will-not-drain","unsupported","hotpoint-htx24easkws-model","","","1","2026-08-28"
"hotpoint-htx24easkws__door-will-not-close","existing-131","implemented","dryer","Hotpoint","HTX24EASKWS","door-will-not-close","guided-checks","hotpoint-htx24easkws-model","ge-dryer-door","dryer-door-strike","0","2026-08-28"
"hotpoint-htx24easkws__slow-water-flow","existing-131","unsupported","dryer","Hotpoint","HTX24EASKWS","slow-water-flow","unsupported","hotpoint-htx24easkws-model","","","1","2026-08-28"
"frigidaire-frss2623as__will-not-drain","existing-131","unsupported","refrigerator","Frigidaire","FRSS2623AS","will-not-drain","unsupported","frigidaire-frss2623as-model","","","1","2026-08-28"
"frigidaire-frss2623as__door-will-not-close","existing-131","candidate","refrigerator","Frigidaire","FRSS2623AS","door-will-not-close","guided-checks","frigidaire-frss2623as-model","frigidaire-refrigerator-door","refrigerator-door-closure-observation","2","2026-08-28"
"frigidaire-frss2623as__slow-water-flow","existing-131","implemented","refrigerator","Frigidaire","FRSS2623AS","slow-water-flow","guided-checks","frigidaire-frss2623as-model","frigidaire-refrigerator-support","refrigerator-water-filter","0","2026-08-28"
"amana-asi2175grs__will-not-drain","existing-131","unsupported","refrigerator","Amana","ASI2175GRS","will-not-drain","unsupported","amana-asi2175grs-model","","","1","2026-08-28"
"amana-asi2175grs__door-will-not-close","existing-131","candidate","refrigerator","Amana","ASI2175GRS","door-will-not-close","guided-checks","amana-asi2175grs-model","amana-refrigerator-door","refrigerator-door-closure-observation","2","2026-08-28"
"amana-asi2175grs__slow-water-flow","existing-131","implemented","refrigerator","Amana","ASI2175GRS","slow-water-flow","guided-checks","amana-asi2175grs-model","amana-refrigerator-support","refrigerator-water-filter","0","2026-08-28"
"maytag-mfi2570fez__will-not-drain","existing-131","unsupported","refrigerator","Maytag","MFI2570FEZ","will-not-drain","unsupported","maytag-mfi2570fez-model","","","1","2026-08-28"
"maytag-mfi2570fez__door-will-not-close","existing-131","candidate","refrigerator","Maytag","MFI2570FEZ","door-will-not-close","guided-checks","maytag-mfi2570fez-model","maytag-refrigerator-door","refrigerator-door-closure-observation","2","2026-08-28"
"maytag-mfi2570fez__slow-water-flow","existing-131","implemented","refrigerator","Maytag","MFI2570FEZ","slow-water-flow","guided-checks","maytag-mfi2570fez-model","maytag-refrigerator-support","refrigerator-water-filter","0","2026-08-28"
"kitchenaid-krff577kps__will-not-drain","existing-131","unsupported","refrigerator","KitchenAid","KRFF577KPS","will-not-drain","unsupported","kitchenaid-krff577kps-model","","","1","2026-08-28"
"kitchenaid-krff577kps__door-will-not-close","existing-131","candidate","refrigerator","KitchenAid","KRFF577KPS","door-will-not-close","guided-checks","kitchenaid-krff577kps-model","kitchenaid-refrigerator-door","refrigerator-door-closure-observation","2","2026-08-28"
"kitchenaid-krff577kps__slow-water-flow","existing-131","implemented","refrigerator","KitchenAid","KRFF577KPS","slow-water-flow","guided-checks","kitchenaid-krff577kps-model","kitchenaid-refrigerator-support","refrigerator-water-filter","0","2026-08-28"
"bosch-b36cl80ens01__will-not-drain","existing-131","unsupported","refrigerator","Bosch","B36CL80ENS/01","will-not-drain","unsupported","bosch-b36cl80ens01-model","","","1","2026-08-28"
"bosch-b36cl80ens01__door-will-not-close","existing-131","candidate","refrigerator","Bosch","B36CL80ENS/01","door-will-not-close","guided-checks","bosch-b36cl80ens01-model","bosch-refrigerator-door","refrigerator-door-closure-observation","2","2026-08-28"
"bosch-b36cl80ens01__slow-water-flow","existing-131","implemented","refrigerator","Bosch","B36CL80ENS/01","slow-water-flow","guided-checks","bosch-b36cl80ens01-model","bosch-refrigerator-support","refrigerator-water-filter","0","2026-08-28"
"ge-gfw655ssvww__will-not-drain","existing-131","implemented","washer","GE","GFW655SSVWW","will-not-drain","purchase-ready","ge-gfw655ssvww-model","exp-ge-front-washer-drain","washer-hose-only","0","2026-08-28"
"ge-gfw655ssvww__door-will-not-close","existing-131","unsupported","washer","GE","GFW655SSVWW","door-will-not-close","unsupported","ge-gfw655ssvww-model","","","1","2026-08-28"
"ge-gfw655ssvww__slow-water-flow","existing-131","unsupported","washer","GE","GFW655SSVWW","slow-water-flow","unsupported","ge-gfw655ssvww-model","","","1","2026-08-28"
"ge-gfw850spnrs__will-not-drain","existing-131","implemented","washer","GE","GFW850SPNRS","will-not-drain","purchase-ready","ge-gfw850spnrs-model","exp-ge-front-washer-drain","washer-hose-only","0","2026-08-28"
"ge-gfw850spnrs__door-will-not-close","existing-131","unsupported","washer","GE","GFW850SPNRS","door-will-not-close","unsupported","ge-gfw850spnrs-model","","","1","2026-08-28"
"ge-gfw850spnrs__slow-water-flow","existing-131","unsupported","washer","GE","GFW850SPNRS","slow-water-flow","unsupported","ge-gfw850spnrs-model","","","1","2026-08-28"
"ge-gtw335asnww__will-not-drain","existing-131","implemented","washer","GE","GTW335ASNWW","will-not-drain","purchase-ready","ge-gtw335asnww-model","exp-ge-top-washer-drain","washer-hose-only","0","2026-08-28"
"ge-gtw335asnww__door-will-not-close","existing-131","unsupported","washer","GE","GTW335ASNWW","door-will-not-close","unsupported","ge-gtw335asnww-model","","","1","2026-08-28"
"ge-gtw335asnww__slow-water-flow","existing-131","unsupported","washer","GE","GTW335ASNWW","slow-water-flow","unsupported","ge-gtw335asnww-model","","","1","2026-08-28"
"ge-gtw485aswwb__will-not-drain","existing-131","implemented","washer","GE","GTW485ASWWB","will-not-drain","guided-checks","ge-gtw485aswwb-model","exp-ge-top-washer-drain","washer-hose-only","0","2026-08-28"
"ge-gtw485aswwb__door-will-not-close","existing-131","unsupported","washer","GE","GTW485ASWWB","door-will-not-close","unsupported","ge-gtw485aswwb-model","","","1","2026-08-28"
"ge-gtw485aswwb__slow-water-flow","existing-131","unsupported","washer","GE","GTW485ASWWB","slow-water-flow","unsupported","ge-gtw485aswwb-model","","","1","2026-08-28"
"hotpoint-htw265aswww__will-not-drain","existing-131","implemented","washer","Hotpoint","HTW265ASWWW","will-not-drain","purchase-ready","hotpoint-htw265aswww-model","exp-hotpoint-top-washer-drain","washer-hose-only","0","2026-08-28"
"hotpoint-htw265aswww__door-will-not-close","existing-131","unsupported","washer","Hotpoint","HTW265ASWWW","door-will-not-close","unsupported","hotpoint-htw265aswww-model","","","1","2026-08-28"
"hotpoint-htw265aswww__slow-water-flow","existing-131","unsupported","washer","Hotpoint","HTW265ASWWW","slow-water-flow","unsupported","hotpoint-htw265aswww-model","","","1","2026-08-28"
"hotpoint-htw2065sbww__will-not-drain","existing-131","implemented","washer","Hotpoint","HTW2065SBWW","will-not-drain","guided-checks","hotpoint-htw2065sbww-model","exp-hotpoint-top-washer-drain","washer-hose-only","0","2026-08-28"
"hotpoint-htw2065sbww__door-will-not-close","existing-131","unsupported","washer","Hotpoint","HTW2065SBWW","door-will-not-close","unsupported","hotpoint-htw2065sbww-model","","","1","2026-08-28"
"hotpoint-htw2065sbww__slow-water-flow","existing-131","unsupported","washer","Hotpoint","HTW2065SBWW","slow-water-flow","unsupported","hotpoint-htw2065sbww-model","","","1","2026-08-28"
"whirlpool-wtw5010lw__will-not-drain","existing-131","implemented","washer","Whirlpool","WTW5010LW","will-not-drain","purchase-ready","whirlpool-wtw5010lw-model","exp-whirlpool-top-washer-drain","washer-hose-only","0","2026-08-28"
"whirlpool-wtw5010lw__door-will-not-close","existing-131","candidate","washer","Whirlpool","WTW5010LW","door-will-not-close","guided-checks","whirlpool-wtw5010lw-model","whirlpool-top-washer-lid","washer-door-closure-observation","2","2026-08-28"
"whirlpool-wtw5010lw__slow-water-flow","existing-131","unsupported","washer","Whirlpool","WTW5010LW","slow-water-flow","unsupported","whirlpool-wtw5010lw-model","","","1","2026-08-28"
"whirlpool-wtw5105lw__will-not-drain","existing-131","implemented","washer","Whirlpool","WTW5105LW","will-not-drain","guided-checks","whirlpool-wtw5105lw-model","exp-whirlpool-top-washer-drain","washer-hose-only","0","2026-08-28"
"whirlpool-wtw5105lw__door-will-not-close","existing-131","candidate","washer","Whirlpool","WTW5105LW","door-will-not-close","guided-checks","whirlpool-wtw5105lw-model","whirlpool-top-washer-lid","washer-door-closure-observation","2","2026-08-28"
"whirlpool-wtw5105lw__slow-water-flow","existing-131","unsupported","washer","Whirlpool","WTW5105LW","slow-water-flow","unsupported","whirlpool-wtw5105lw-model","","","1","2026-08-28"
"whirlpool-wfw4720rw__will-not-drain","existing-131","implemented","washer","Whirlpool","WFW4720RW","will-not-drain","guided-checks","whirlpool-wfw4720rw-model","exp-whirlpool-front-washer-drain","washer-hose-only","0","2026-08-28"
"whirlpool-wfw4720rw__door-will-not-close","existing-131","candidate","washer","Whirlpool","WFW4720RW","door-will-not-close","guided-checks","whirlpool-wfw4720rw-model","whirlpool-front-washer-door","washer-door-closure-observation","2","2026-08-28"
"whirlpool-wfw4720rw__slow-water-flow","existing-131","unsupported","washer","Whirlpool","WFW4720RW","slow-water-flow","unsupported","whirlpool-wfw4720rw-model","","","1","2026-08-28"
"maytag-mvw4505mw__will-not-drain","existing-131","implemented","washer","Maytag","MVW4505MW","will-not-drain","guided-checks","maytag-mvw4505mw-model","exp-maytag-top-washer-drain","washer-hose-only","0","2026-08-28"
"maytag-mvw4505mw__door-will-not-close","existing-131","candidate","washer","Maytag","MVW4505MW","door-will-not-close","guided-checks","maytag-mvw4505mw-model","maytag-top-washer-lid","washer-door-closure-observation","2","2026-08-28"
"maytag-mvw4505mw__slow-water-flow","existing-131","unsupported","washer","Maytag","MVW4505MW","slow-water-flow","unsupported","maytag-mvw4505mw-model","","","1","2026-08-28"
"maytag-mhw5500fw__will-not-drain","existing-131","implemented","washer","Maytag","MHW5500FW","will-not-drain","guided-checks","maytag-mhw5500fw-model","exp-maytag-front-washer-drain","washer-hose-only","0","2026-08-28"
"maytag-mhw5500fw__door-will-not-close","existing-131","candidate","washer","Maytag","MHW5500FW","door-will-not-close","guided-checks","maytag-mhw5500fw-model","maytag-front-washer-door","washer-door-closure-observation","2","2026-08-28"
"maytag-mhw5500fw__slow-water-flow","existing-131","unsupported","washer","Maytag","MHW5500FW","slow-water-flow","unsupported","maytag-mhw5500fw-model","","","1","2026-08-28"
"amana-nfw5800hw__will-not-drain","existing-131","implemented","washer","Amana","NFW5800HW","will-not-drain","guided-checks","amana-nfw5800hw-model","exp-amana-front-washer-drain","washer-hose-only","0","2026-08-28"
"amana-nfw5800hw__door-will-not-close","existing-131","candidate","washer","Amana","NFW5800HW","door-will-not-close","guided-checks","amana-nfw5800hw-model","amana-front-washer-door","washer-door-closure-observation","2","2026-08-28"
"amana-nfw5800hw__slow-water-flow","existing-131","unsupported","washer","Amana","NFW5800HW","slow-water-flow","unsupported","amana-nfw5800hw-model","","","1","2026-08-28"
"samsung-wf46bg6500av__will-not-drain","existing-131","implemented","washer","Samsung","WF46BG6500AV","will-not-drain","guided-checks","samsung-wf46bg6500av-model","exp-samsung-washer-drain|exp-samsung-washer-filter","washer-front-drain","0","2026-08-28"
"samsung-wf46bg6500av__door-will-not-close","existing-131","candidate","washer","Samsung","WF46BG6500AV","door-will-not-close","guided-checks","samsung-wf46bg6500av-model","samsung-washer-door","washer-door-closure-observation","2","2026-08-28"
"samsung-wf46bg6500av__slow-water-flow","existing-131","unsupported","washer","Samsung","WF46BG6500AV","slow-water-flow","unsupported","samsung-wf46bg6500av-model","","","1","2026-08-28"
"samsung-wf53bb8700at__will-not-drain","existing-131","implemented","washer","Samsung","WF53BB8700AT","will-not-drain","guided-checks","samsung-wf53bb8700at-model","exp-samsung-washer-drain|exp-samsung-washer-filter","washer-front-drain","0","2026-08-28"
"samsung-wf53bb8700at__door-will-not-close","existing-131","candidate","washer","Samsung","WF53BB8700AT","door-will-not-close","guided-checks","samsung-wf53bb8700at-model","samsung-washer-door","washer-door-closure-observation","2","2026-08-28"
"samsung-wf53bb8700at__slow-water-flow","existing-131","unsupported","washer","Samsung","WF53BB8700AT","slow-water-flow","unsupported","samsung-wf53bb8700at-model","","","1","2026-08-28"
"samsung-wa50r5200aw__will-not-drain","existing-131","implemented","washer","Samsung","WA50R5200AW","will-not-drain","guided-checks","samsung-wa50r5200aw-model","exp-samsung-top-washer-drain","washer-hose-only","0","2026-08-28"
"samsung-wa50r5200aw__door-will-not-close","existing-131","candidate","washer","Samsung","WA50R5200AW","door-will-not-close","guided-checks","samsung-wa50r5200aw-model","samsung-washer-door","washer-door-closure-observation","2","2026-08-28"
"samsung-wa50r5200aw__slow-water-flow","existing-131","unsupported","washer","Samsung","WA50R5200AW","slow-water-flow","unsupported","samsung-wa50r5200aw-model","","","1","2026-08-28"
"samsung-wa54cg7105aw__will-not-drain","existing-131","implemented","washer","Samsung","WA54CG7105AW","will-not-drain","guided-checks","samsung-wa54cg7105aw-model","exp-samsung-top-washer-drain","washer-hose-only","0","2026-08-28"
"samsung-wa54cg7105aw__door-will-not-close","existing-131","candidate","washer","Samsung","WA54CG7105AW","door-will-not-close","guided-checks","samsung-wa54cg7105aw-model","samsung-washer-door","washer-door-closure-observation","2","2026-08-28"
"samsung-wa54cg7105aw__slow-water-flow","existing-131","unsupported","washer","Samsung","WA54CG7105AW","slow-water-flow","unsupported","samsung-wa54cg7105aw-model","","","1","2026-08-28"
"samsung-wa55cg7100aw__will-not-drain","existing-131","implemented","washer","Samsung","WA55CG7100AW","will-not-drain","guided-checks","samsung-wa55cg7100aw-model","exp-samsung-top-washer-drain","washer-hose-only","0","2026-08-28"
"samsung-wa55cg7100aw__door-will-not-close","existing-131","candidate","washer","Samsung","WA55CG7100AW","door-will-not-close","guided-checks","samsung-wa55cg7100aw-model","samsung-washer-door","washer-door-closure-observation","2","2026-08-28"
"samsung-wa55cg7100aw__slow-water-flow","existing-131","unsupported","washer","Samsung","WA55CG7100AW","slow-water-flow","unsupported","samsung-wa55cg7100aw-model","","","1","2026-08-28"
"lg-wm3600hwa__will-not-drain","existing-131","implemented","washer","LG","WM3600HWA","will-not-drain","guided-checks","lg-wm3600hwa-model","exp-lg-front-washer-drain|exp-lg-front-washer-filter","washer-front-drain","0","2026-08-28"
"lg-wm3600hwa__door-will-not-close","existing-131","candidate","washer","LG","WM3600HWA","door-will-not-close","guided-checks","lg-wm3600hwa-model","lg-front-washer-door","washer-door-closure-observation","2","2026-08-28"
"lg-wm3600hwa__slow-water-flow","existing-131","unsupported","washer","LG","WM3600HWA","slow-water-flow","unsupported","lg-wm3600hwa-model","","","1","2026-08-28"
"lg-wm5500hwa__will-not-drain","existing-131","implemented","washer","LG","WM5500HWA","will-not-drain","guided-checks","lg-wm5500hwa-model","exp-lg-front-washer-drain|exp-lg-front-washer-filter","washer-front-drain","0","2026-08-28"
"lg-wm5500hwa__door-will-not-close","existing-131","candidate","washer","LG","WM5500HWA","door-will-not-close","guided-checks","lg-wm5500hwa-model","lg-front-washer-door","washer-door-closure-observation","2","2026-08-28"
"lg-wm5500hwa__slow-water-flow","existing-131","unsupported","washer","LG","WM5500HWA","slow-water-flow","unsupported","lg-wm5500hwa-model","","","1","2026-08-28"
"lg-wm6700hba__will-not-drain","existing-131","implemented","washer","LG","WM6700HBA","will-not-drain","guided-checks","lg-wm6700hba-model","exp-lg-front-washer-drain|exp-lg-front-washer-filter","washer-front-drain","0","2026-08-28"
"lg-wm6700hba__door-will-not-close","existing-131","candidate","washer","LG","WM6700HBA","door-will-not-close","guided-checks","lg-wm6700hba-model","lg-front-washer-door","washer-door-closure-observation","2","2026-08-28"
"lg-wm6700hba__slow-water-flow","existing-131","unsupported","washer","LG","WM6700HBA","slow-water-flow","unsupported","lg-wm6700hba-model","","","1","2026-08-28"
"lg-wt6105cw__will-not-drain","existing-131","implemented","washer","LG","WT6105CW","will-not-drain","guided-checks","lg-wt6105cw-model","exp-lg-top-washer-drain","washer-hose-only","0","2026-08-28"
"lg-wt6105cw__door-will-not-close","existing-131","candidate","washer","LG","WT6105CW","door-will-not-close","guided-checks","lg-wt6105cw-model","lg-top-washer-lid","washer-door-closure-observation","2","2026-08-28"
"lg-wt6105cw__slow-water-flow","existing-131","unsupported","washer","LG","WT6105CW","slow-water-flow","unsupported","lg-wt6105cw-model","","","1","2026-08-28"
"lg-wt7150cw__will-not-drain","existing-131","implemented","washer","LG","WT7150CW","will-not-drain","guided-checks","lg-wt7150cw-model","exp-lg-top-washer-drain","washer-hose-only","0","2026-08-28"
"lg-wt7150cw__door-will-not-close","existing-131","candidate","washer","LG","WT7150CW","door-will-not-close","guided-checks","lg-wt7150cw-model","lg-top-washer-lid","washer-door-closure-observation","2","2026-08-28"
"lg-wt7150cw__slow-water-flow","existing-131","unsupported","washer","LG","WT7150CW","slow-water-flow","unsupported","lg-wt7150cw-model","","","1","2026-08-28"
"lg-wt7300cw__will-not-drain","existing-131","implemented","washer","LG","WT7300CW","will-not-drain","guided-checks","lg-wt7300cw-model","exp-lg-top-washer-drain","washer-hose-only","0","2026-08-28"
"lg-wt7300cw__door-will-not-close","existing-131","candidate","washer","LG","WT7300CW","door-will-not-close","guided-checks","lg-wt7300cw-model","lg-top-washer-lid","washer-door-closure-observation","2","2026-08-28"
"lg-wt7300cw__slow-water-flow","existing-131","unsupported","washer","LG","WT7300CW","slow-water-flow","unsupported","lg-wt7300cw-model","","","1","2026-08-28"
"electrolux-elfw7337aw__will-not-drain","existing-131","implemented","washer","Electrolux","ELFW7337AW","will-not-drain","guided-checks","electrolux-elfw7337aw-model","exp-electrolux-front-washer-drain","washer-hose-only","0","2026-08-28"
"electrolux-elfw7337aw__door-will-not-close","existing-131","candidate","washer","Electrolux","ELFW7337AW","door-will-not-close","guided-checks","electrolux-elfw7337aw-model","electrolux-front-washer-door","washer-door-closure-observation","2","2026-08-28"
"electrolux-elfw7337aw__slow-water-flow","existing-131","unsupported","washer","Electrolux","ELFW7337AW","slow-water-flow","unsupported","electrolux-elfw7337aw-model","","","1","2026-08-28"
"electrolux-elfw7738aa__will-not-drain","existing-131","implemented","washer","Electrolux","ELFW7738AA","will-not-drain","guided-checks","electrolux-elfw7738aa-model","exp-electrolux-front-washer-drain","washer-hose-only","0","2026-08-28"
"electrolux-elfw7738aa__door-will-not-close","existing-131","candidate","washer","Electrolux","ELFW7738AA","door-will-not-close","guided-checks","electrolux-elfw7738aa-model","electrolux-front-washer-door","washer-door-closure-observation","2","2026-08-28"
"electrolux-elfw7738aa__slow-water-flow","existing-131","unsupported","washer","Electrolux","ELFW7738AA","slow-water-flow","unsupported","electrolux-elfw7738aa-model","","","1","2026-08-28"
"ge-gfe28gynfs__will-not-drain","existing-131","unsupported","refrigerator","GE","GFE28GYNFS","will-not-drain","unsupported","ge-gfe28gynfs-model","","","1","2026-08-28"
"ge-gfe28gynfs__door-will-not-close","existing-131","candidate","refrigerator","GE","GFE28GYNFS","door-will-not-close","guided-checks","ge-gfe28gynfs-model","ge-refrigerator-door","refrigerator-door-closure-observation","2","2026-08-28"
"ge-gfe28gynfs__slow-water-flow","existing-131","implemented","refrigerator","GE","GFE28GYNFS","slow-water-flow","guided-checks","ge-gfe28gynfs-model","exp-ge-refrigerator-water","refrigerator-water-filter","0","2026-08-28"
"ge-gne27jymfs__will-not-drain","existing-131","unsupported","refrigerator","GE","GNE27JYMFS","will-not-drain","unsupported","ge-gne27jymfs-model","","","1","2026-08-28"
"ge-gne27jymfs__door-will-not-close","existing-131","candidate","refrigerator","GE","GNE27JYMFS","door-will-not-close","guided-checks","ge-gne27jymfs-model","ge-refrigerator-door","refrigerator-door-closure-observation","2","2026-08-28"
"ge-gne27jymfs__slow-water-flow","existing-131","implemented","refrigerator","GE","GNE27JYMFS","slow-water-flow","guided-checks","ge-gne27jymfs-model","exp-ge-refrigerator-water","refrigerator-water-filter","0","2026-08-28"
"ge-pvd28bynfs__will-not-drain","existing-131","unsupported","refrigerator","GE","PVD28BYNFS","will-not-drain","unsupported","ge-pvd28bynfs-model","","","1","2026-08-28"
"ge-pvd28bynfs__door-will-not-close","existing-131","candidate","refrigerator","GE","PVD28BYNFS","door-will-not-close","guided-checks","ge-pvd28bynfs-model","ge-refrigerator-door","refrigerator-door-closure-observation","2","2026-08-28"
"ge-pvd28bynfs__slow-water-flow","existing-131","implemented","refrigerator","GE","PVD28BYNFS","slow-water-flow","guided-checks","ge-pvd28bynfs-model","exp-ge-refrigerator-water","refrigerator-water-filter","0","2026-08-28"
"ge-gss23gypfs__will-not-drain","existing-131","unsupported","refrigerator","GE","GSS23GYPFS","will-not-drain","unsupported","ge-gss23gypfs-model","","","1","2026-08-28"
"ge-gss23gypfs__door-will-not-close","existing-131","candidate","refrigerator","GE","GSS23GYPFS","door-will-not-close","guided-checks","ge-gss23gypfs-model","ge-refrigerator-door","refrigerator-door-closure-observation","2","2026-08-28"
"ge-gss23gypfs__slow-water-flow","existing-131","implemented","refrigerator","GE","GSS23GYPFS","slow-water-flow","guided-checks","ge-gss23gypfs-model","exp-ge-side-refrigerator-water","refrigerator-water-filter","0","2026-08-28"
"whirlpool-wrs588fihz__will-not-drain","existing-131","unsupported","refrigerator","Whirlpool","WRS588FIHZ","will-not-drain","unsupported","whirlpool-wrs588fihz-model","","","1","2026-08-28"
"whirlpool-wrs588fihz__door-will-not-close","existing-131","candidate","refrigerator","Whirlpool","WRS588FIHZ","door-will-not-close","guided-checks","whirlpool-wrs588fihz-model","whirlpool-refrigerator-door","refrigerator-door-closure-observation","2","2026-08-28"
"whirlpool-wrs588fihz__slow-water-flow","existing-131","implemented","refrigerator","Whirlpool","WRS588FIHZ","slow-water-flow","purchase-ready","whirlpool-wrs588fihz-model","exp-whirlpool-refrigerator-water","refrigerator-water-filter","0","2026-08-28"
"whirlpool-wrx735sdhz__will-not-drain","existing-131","unsupported","refrigerator","Whirlpool","WRX735SDHZ","will-not-drain","unsupported","whirlpool-wrx735sdhz-model","","","1","2026-08-28"
"whirlpool-wrx735sdhz__door-will-not-close","existing-131","candidate","refrigerator","Whirlpool","WRX735SDHZ","door-will-not-close","guided-checks","whirlpool-wrx735sdhz-model","whirlpool-refrigerator-door","refrigerator-door-closure-observation","2","2026-08-28"
"whirlpool-wrx735sdhz__slow-water-flow","existing-131","implemented","refrigerator","Whirlpool","WRX735SDHZ","slow-water-flow","guided-checks","whirlpool-wrx735sdhz-model","exp-whirlpool-french-refrigerator-water","refrigerator-water-filter","0","2026-08-28"
"maytag-mss25c4mgz__will-not-drain","existing-131","unsupported","refrigerator","Maytag","MSS25C4MGZ","will-not-drain","unsupported","maytag-mss25c4mgz-model","","","1","2026-08-28"
"maytag-mss25c4mgz__door-will-not-close","existing-131","candidate","refrigerator","Maytag","MSS25C4MGZ","door-will-not-close","guided-checks","maytag-mss25c4mgz-model","maytag-refrigerator-door","refrigerator-door-closure-observation","2","2026-08-28"
"maytag-mss25c4mgz__slow-water-flow","existing-131","implemented","refrigerator","Maytag","MSS25C4MGZ","slow-water-flow","guided-checks","maytag-mss25c4mgz-model","exp-maytag-refrigerator-water","refrigerator-water-filter","0","2026-08-28"
"maytag-mft2772hez__will-not-drain","existing-131","unsupported","refrigerator","Maytag","MFT2772HEZ","will-not-drain","unsupported","maytag-mft2772hez-model","","","1","2026-08-28"
"maytag-mft2772hez__door-will-not-close","existing-131","candidate","refrigerator","Maytag","MFT2772HEZ","door-will-not-close","guided-checks","maytag-mft2772hez-model","maytag-refrigerator-door","refrigerator-door-closure-observation","2","2026-08-28"
"maytag-mft2772hez__slow-water-flow","existing-131","implemented","refrigerator","Maytag","MFT2772HEZ","slow-water-flow","guided-checks","maytag-mft2772hez-model","exp-maytag-french-refrigerator-water","refrigerator-water-filter","0","2026-08-28"
"kitchenaid-krfc300ess__will-not-drain","existing-131","unsupported","refrigerator","KitchenAid","KRFC300ESS","will-not-drain","unsupported","kitchenaid-krfc300ess-model","","","1","2026-08-28"
"kitchenaid-krfc300ess__door-will-not-close","existing-131","candidate","refrigerator","KitchenAid","KRFC300ESS","door-will-not-close","guided-checks","kitchenaid-krfc300ess-model","kitchenaid-refrigerator-door","refrigerator-door-closure-observation","2","2026-08-28"
"kitchenaid-krfc300ess__slow-water-flow","existing-131","implemented","refrigerator","KitchenAid","KRFC300ESS","slow-water-flow","purchase-ready","kitchenaid-krfc300ess-model","exp-kitchenaid-refrigerator-water","refrigerator-water-filter","0","2026-08-28"
"amana-asi2575grs__will-not-drain","existing-131","unsupported","refrigerator","Amana","ASI2575GRS","will-not-drain","unsupported","amana-asi2575grs-model","","","1","2026-08-28"
"amana-asi2575grs__door-will-not-close","existing-131","candidate","refrigerator","Amana","ASI2575GRS","door-will-not-close","guided-checks","amana-asi2575grs-model","amana-refrigerator-door","refrigerator-door-closure-observation","2","2026-08-28"
"amana-asi2575grs__slow-water-flow","existing-131","implemented","refrigerator","Amana","ASI2575GRS","slow-water-flow","guided-checks","amana-asi2575grs-model","exp-amana-refrigerator-water","refrigerator-water-filter","0","2026-08-28"
"samsung-rs27t5200sr__will-not-drain","existing-131","unsupported","refrigerator","Samsung","RS27T5200SR","will-not-drain","unsupported","samsung-rs27t5200sr-model","","","1","2026-08-28"
"samsung-rs27t5200sr__door-will-not-close","existing-131","candidate","refrigerator","Samsung","RS27T5200SR","door-will-not-close","guided-checks","samsung-rs27t5200sr-model","samsung-refrigerator-door","refrigerator-door-closure-observation","2","2026-08-28"
"samsung-rs27t5200sr__slow-water-flow","existing-131","implemented","refrigerator","Samsung","RS27T5200SR","slow-water-flow","guided-checks","samsung-rs27t5200sr-model","exp-samsung-refrigerator-water","refrigerator-water-filter","0","2026-08-28"
"samsung-rf23r6201sr__will-not-drain","existing-131","unsupported","refrigerator","Samsung","RF23R6201SR","will-not-drain","unsupported","samsung-rf23r6201sr-model","","","1","2026-08-28"
"samsung-rf23r6201sr__door-will-not-close","existing-131","candidate","refrigerator","Samsung","RF23R6201SR","door-will-not-close","guided-checks","samsung-rf23r6201sr-model","samsung-refrigerator-door","refrigerator-door-closure-observation","2","2026-08-28"
"samsung-rf23r6201sr__slow-water-flow","existing-131","implemented","refrigerator","Samsung","RF23R6201SR","slow-water-flow","guided-checks","samsung-rf23r6201sr-model","exp-samsung-french-refrigerator-water","refrigerator-water-filter","0","2026-08-28"
"samsung-rf28r7201sr__will-not-drain","existing-131","unsupported","refrigerator","Samsung","RF28R7201SR","will-not-drain","unsupported","samsung-rf28r7201sr-model","","","1","2026-08-28"
"samsung-rf28r7201sr__door-will-not-close","existing-131","candidate","refrigerator","Samsung","RF28R7201SR","door-will-not-close","guided-checks","samsung-rf28r7201sr-model","samsung-refrigerator-door","refrigerator-door-closure-observation","2","2026-08-28"
"samsung-rf28r7201sr__slow-water-flow","existing-131","implemented","refrigerator","Samsung","RF28R7201SR","slow-water-flow","guided-checks","samsung-rf28r7201sr-model","exp-samsung-french-refrigerator-water","refrigerator-water-filter","0","2026-08-28"
"lg-lfxs26973s__will-not-drain","existing-131","unsupported","refrigerator","LG","LFXS26973S","will-not-drain","unsupported","lg-lfxs26973s-model","","","1","2026-08-28"
"lg-lfxs26973s__door-will-not-close","existing-131","candidate","refrigerator","LG","LFXS26973S","door-will-not-close","guided-checks","lg-lfxs26973s-model","lg-refrigerator-door","refrigerator-door-closure-observation","2","2026-08-28"
"lg-lfxs26973s__slow-water-flow","existing-131","implemented","refrigerator","LG","LFXS26973S","slow-water-flow","guided-checks","lg-lfxs26973s-model","exp-lg-refrigerator-water","refrigerator-water-filter","0","2026-08-28"
"lg-lmxs28626s__will-not-drain","existing-131","unsupported","refrigerator","LG","LMXS28626S","will-not-drain","unsupported","lg-lmxs28626s-model","","","1","2026-08-28"
"lg-lmxs28626s__door-will-not-close","existing-131","candidate","refrigerator","LG","LMXS28626S","door-will-not-close","guided-checks","lg-lmxs28626s-model","lg-refrigerator-door","refrigerator-door-closure-observation","2","2026-08-28"
"lg-lmxs28626s__slow-water-flow","existing-131","implemented","refrigerator","LG","LMXS28626S","slow-water-flow","guided-checks","lg-lmxs28626s-model","exp-lg-refrigerator-water","refrigerator-water-filter","0","2026-08-28"
"lg-lrfws2906s__will-not-drain","existing-131","unsupported","refrigerator","LG","LRFWS2906S","will-not-drain","unsupported","lg-lrfws2906s-model","","","1","2026-08-28"
"lg-lrfws2906s__door-will-not-close","existing-131","candidate","refrigerator","LG","LRFWS2906S","door-will-not-close","guided-checks","lg-lrfws2906s-model","lg-refrigerator-door","refrigerator-door-closure-observation","2","2026-08-28"
"lg-lrfws2906s__slow-water-flow","existing-131","implemented","refrigerator","LG","LRFWS2906S","slow-water-flow","guided-checks","lg-lrfws2906s-model","exp-lg-refrigerator-water","refrigerator-water-filter","0","2026-08-28"
"lg-lrsxs2706s__will-not-drain","existing-131","unsupported","refrigerator","LG","LRSXS2706S","will-not-drain","unsupported","lg-lrsxs2706s-model","","","1","2026-08-28"
"lg-lrsxs2706s__door-will-not-close","existing-131","candidate","refrigerator","LG","LRSXS2706S","door-will-not-close","guided-checks","lg-lrsxs2706s-model","lg-refrigerator-door","refrigerator-door-closure-observation","2","2026-08-28"
"lg-lrsxs2706s__slow-water-flow","existing-131","implemented","refrigerator","LG","LRSXS2706S","slow-water-flow","guided-checks","lg-lrsxs2706s-model","exp-lg-side-refrigerator-water","refrigerator-water-filter","0","2026-08-28"
"frigidaire-grfs2853af__will-not-drain","existing-131","unsupported","refrigerator","Frigidaire","GRFS2853AF","will-not-drain","unsupported","frigidaire-grfs2853af-model","","","1","2026-08-28"
"frigidaire-grfs2853af__door-will-not-close","existing-131","candidate","refrigerator","Frigidaire","GRFS2853AF","door-will-not-close","guided-checks","frigidaire-grfs2853af-model","frigidaire-refrigerator-door","refrigerator-door-closure-observation","2","2026-08-28"
"frigidaire-grfs2853af__slow-water-flow","existing-131","implemented","refrigerator","Frigidaire","GRFS2853AF","slow-water-flow","guided-checks","frigidaire-grfs2853af-model","exp-frigidaire-refrigerator-water","refrigerator-water-filter","0","2026-08-28"
"frigidaire-frfs2823as__will-not-drain","existing-131","unsupported","refrigerator","Frigidaire","FRFS2823AS","will-not-drain","unsupported","frigidaire-frfs2823as-model","","","1","2026-08-28"
"frigidaire-frfs2823as__door-will-not-close","existing-131","candidate","refrigerator","Frigidaire","FRFS2823AS","door-will-not-close","guided-checks","frigidaire-frfs2823as-model","frigidaire-refrigerator-door","refrigerator-door-closure-observation","2","2026-08-28"
"frigidaire-frfs2823as__slow-water-flow","existing-131","implemented","refrigerator","Frigidaire","FRFS2823AS","slow-water-flow","guided-checks","frigidaire-frfs2823as-model","exp-frigidaire-refrigerator-water","refrigerator-water-filter","0","2026-08-28"
"frigidaire-grss2652af__will-not-drain","existing-131","unsupported","refrigerator","Frigidaire","GRSS2652AF","will-not-drain","unsupported","frigidaire-grss2652af-model","","","1","2026-08-28"
"frigidaire-grss2652af__door-will-not-close","existing-131","candidate","refrigerator","Frigidaire","GRSS2652AF","door-will-not-close","guided-checks","frigidaire-grss2652af-model","frigidaire-refrigerator-door","refrigerator-door-closure-observation","2","2026-08-28"
"frigidaire-grss2652af__slow-water-flow","existing-131","implemented","refrigerator","Frigidaire","GRSS2652AF","slow-water-flow","guided-checks","frigidaire-grss2652af-model","exp-frigidaire-side-refrigerator-water","refrigerator-water-filter","0","2026-08-28"
"electrolux-ermc2295as__will-not-drain","existing-131","unsupported","refrigerator","Electrolux","ERMC2295AS","will-not-drain","unsupported","electrolux-ermc2295as-model","","","1","2026-08-28"
"electrolux-ermc2295as__door-will-not-close","existing-131","candidate","refrigerator","Electrolux","ERMC2295AS","door-will-not-close","guided-checks","electrolux-ermc2295as-model","electrolux-refrigerator-door","refrigerator-door-closure-observation","2","2026-08-28"
"electrolux-ermc2295as__slow-water-flow","existing-131","implemented","refrigerator","Electrolux","ERMC2295AS","slow-water-flow","guided-checks","electrolux-ermc2295as-model","exp-electrolux-refrigerator-water","refrigerator-water-filter","0","2026-08-28"
"bosch-b36ct80sns01__will-not-drain","existing-131","unsupported","refrigerator","Bosch","B36CT80SNS/01","will-not-drain","unsupported","bosch-b36ct80sns01-model","","","1","2026-08-28"
"bosch-b36ct80sns01__door-will-not-close","existing-131","candidate","refrigerator","Bosch","B36CT80SNS/01","door-will-not-close","guided-checks","bosch-b36ct80sns01-model","bosch-refrigerator-door","refrigerator-door-closure-observation","2","2026-08-28"
"bosch-b36ct80sns01__slow-water-flow","existing-131","implemented","refrigerator","Bosch","B36CT80SNS/01","slow-water-flow","guided-checks","bosch-b36ct80sns01-model","exp-bosch-refrigerator-water","refrigerator-water-filter","0","2026-08-28"
"bosch-b36cd50sns01__will-not-drain","existing-131","unsupported","refrigerator","Bosch","B36CD50SNS/01","will-not-drain","unsupported","bosch-b36cd50sns01-model","","","1","2026-08-28"
"bosch-b36cd50sns01__door-will-not-close","existing-131","candidate","refrigerator","Bosch","B36CD50SNS/01","door-will-not-close","guided-checks","bosch-b36cd50sns01-model","bosch-refrigerator-door","refrigerator-door-closure-observation","2","2026-08-28"
"bosch-b36cd50sns01__slow-water-flow","existing-131","implemented","refrigerator","Bosch","B36CD50SNS/01","slow-water-flow","guided-checks","bosch-b36cd50sns01-model","exp-bosch-refrigerator-water","refrigerator-water-filter","0","2026-08-28"
"bosch-b36fd50sns01__will-not-drain","existing-131","unsupported","refrigerator","Bosch","B36FD50SNS/01","will-not-drain","unsupported","bosch-b36fd50sns01-model","","","1","2026-08-28"
"bosch-b36fd50sns01__door-will-not-close","existing-131","candidate","refrigerator","Bosch","B36FD50SNS/01","door-will-not-close","guided-checks","bosch-b36fd50sns01-model","bosch-refrigerator-door","refrigerator-door-closure-observation","2","2026-08-28"
"bosch-b36fd50sns01__slow-water-flow","existing-131","implemented","refrigerator","Bosch","B36FD50SNS/01","slow-water-flow","guided-checks","bosch-b36fd50sns01-model","exp-bosch-refrigerator-water","refrigerator-water-filter","0","2026-08-28"
"ge-gdt550pyrfs__will-not-drain","existing-131","implemented","dishwasher","GE","GDT550PYRFS","will-not-drain","guided-checks","ge-gdt550pyrfs-model","exp-ge-dishwasher-drain","dishwasher-drain","0","2026-08-28"
"ge-gdt550pyrfs__door-will-not-close","existing-131","candidate","dishwasher","GE","GDT550PYRFS","door-will-not-close","guided-checks","ge-gdt550pyrfs-model","ge-dishwasher-door","dishwasher-door-closure-observation","2","2026-08-28"
"ge-gdt550pyrfs__slow-water-flow","existing-131","unsupported","dishwasher","GE","GDT550PYRFS","slow-water-flow","unsupported","ge-gdt550pyrfs-model","","","1","2026-08-28"
"hotpoint-hdf310pgrww__will-not-drain","existing-131","implemented","dishwasher","Hotpoint","HDF310PGRWW","will-not-drain","guided-checks","hotpoint-hdf310pgrww-model","exp-hotpoint-dishwasher-drain","dishwasher-drain","0","2026-08-28"
"hotpoint-hdf310pgrww__door-will-not-close","existing-131","unsupported","dishwasher","Hotpoint","HDF310PGRWW","door-will-not-close","unsupported","hotpoint-hdf310pgrww-model","","","1","2026-08-28"
"hotpoint-hdf310pgrww__slow-water-flow","existing-131","unsupported","dishwasher","Hotpoint","HDF310PGRWW","slow-water-flow","unsupported","hotpoint-hdf310pgrww-model","","","1","2026-08-28"
"ge-gdt225sslss__will-not-drain","existing-131","implemented","dishwasher","GE","GDT225SSLSS","will-not-drain","guided-checks","ge-gdt225sslss-model","exp-ge-dishwasher-drain","dishwasher-drain","0","2026-08-28"
"ge-gdt225sslss__door-will-not-close","existing-131","candidate","dishwasher","GE","GDT225SSLSS","door-will-not-close","guided-checks","ge-gdt225sslss-model","ge-dishwasher-door","dishwasher-door-closure-observation","2","2026-08-28"
"ge-gdt225sslss__slow-water-flow","existing-131","unsupported","dishwasher","GE","GDT225SSLSS","slow-water-flow","unsupported","ge-gdt225sslss-model","","","1","2026-08-28"
"whirlpool-wdt730hamz__will-not-drain","existing-131","implemented","dishwasher","Whirlpool","WDT730HAMZ","will-not-drain","purchase-ready","whirlpool-wdt730hamz-model","exp-whirlpool-dishwasher-drain","dishwasher-drain","0","2026-08-28"
"whirlpool-wdt730hamz__door-will-not-close","existing-131","candidate","dishwasher","Whirlpool","WDT730HAMZ","door-will-not-close","guided-checks","whirlpool-wdt730hamz-model","whirlpool-dishwasher-door","dishwasher-door-closure-observation","2","2026-08-28"
"whirlpool-wdt730hamz__slow-water-flow","existing-131","unsupported","dishwasher","Whirlpool","WDT730HAMZ","slow-water-flow","unsupported","whirlpool-wdt730hamz-model","","","1","2026-08-28"
"whirlpool-wdf331pams__will-not-drain","existing-131","implemented","dishwasher","Whirlpool","WDF331PAMS","will-not-drain","guided-checks","whirlpool-wdf331pams-model","exp-whirlpool-dishwasher-drain","dishwasher-drain","0","2026-08-28"
"whirlpool-wdf331pams__door-will-not-close","existing-131","candidate","dishwasher","Whirlpool","WDF331PAMS","door-will-not-close","guided-checks","whirlpool-wdf331pams-model","whirlpool-dishwasher-door","dishwasher-door-closure-observation","2","2026-08-28"
"whirlpool-wdf331pams__slow-water-flow","existing-131","unsupported","dishwasher","Whirlpool","WDF331PAMS","slow-water-flow","unsupported","whirlpool-wdf331pams-model","","","1","2026-08-28"
"maytag-mdb4949skz__will-not-drain","existing-131","implemented","dishwasher","Maytag","MDB4949SKZ","will-not-drain","purchase-ready","maytag-mdb4949skz-model","exp-maytag-dishwasher-drain","dishwasher-drain","0","2026-08-28"
"maytag-mdb4949skz__door-will-not-close","existing-131","unsupported","dishwasher","Maytag","MDB4949SKZ","door-will-not-close","unsupported","maytag-mdb4949skz-model","","","1","2026-08-28"
"maytag-mdb4949skz__slow-water-flow","existing-131","unsupported","dishwasher","Maytag","MDB4949SKZ","slow-water-flow","unsupported","maytag-mdb4949skz-model","","","1","2026-08-28"
"kitchenaid-kdfe204kps__will-not-drain","existing-131","implemented","dishwasher","KitchenAid","KDFE204KPS","will-not-drain","purchase-ready","kitchenaid-kdfe204kps-model","exp-kitchenaid-dishwasher-drain","dishwasher-drain","0","2026-08-28"
"kitchenaid-kdfe204kps__door-will-not-close","existing-131","candidate","dishwasher","KitchenAid","KDFE204KPS","door-will-not-close","guided-checks","kitchenaid-kdfe204kps-model","kitchenaid-dishwasher-door","dishwasher-door-closure-observation","2","2026-08-28"
"kitchenaid-kdfe204kps__slow-water-flow","existing-131","unsupported","dishwasher","KitchenAid","KDFE204KPS","slow-water-flow","unsupported","kitchenaid-kdfe204kps-model","","","1","2026-08-28"
"samsung-dw80r2031usaa__will-not-drain","existing-131","implemented","dishwasher","Samsung","DW80R2031US/AA","will-not-drain","guided-checks","samsung-dw80r2031usaa-model","exp-samsung-dishwasher-drain","dishwasher-drain","0","2026-08-28"
"samsung-dw80r2031usaa__door-will-not-close","existing-131","candidate","dishwasher","Samsung","DW80R2031US/AA","door-will-not-close","guided-checks","samsung-dw80r2031usaa-model","samsung-dishwasher-door","dishwasher-door-closure-observation","2","2026-08-28"
"samsung-dw80r2031usaa__slow-water-flow","existing-131","unsupported","dishwasher","Samsung","DW80R2031US/AA","slow-water-flow","unsupported","samsung-dw80r2031usaa-model","","","1","2026-08-28"
"samsung-dw80b6060usaa__will-not-drain","existing-131","implemented","dishwasher","Samsung","DW80B6060US/AA","will-not-drain","guided-checks","samsung-dw80b6060usaa-model","exp-samsung-dishwasher-drain","dishwasher-drain","0","2026-08-28"
"samsung-dw80b6060usaa__door-will-not-close","existing-131","candidate","dishwasher","Samsung","DW80B6060US/AA","door-will-not-close","guided-checks","samsung-dw80b6060usaa-model","samsung-dishwasher-door","dishwasher-door-closure-observation","2","2026-08-28"
"samsung-dw80b6060usaa__slow-water-flow","existing-131","unsupported","dishwasher","Samsung","DW80B6060US/AA","slow-water-flow","unsupported","samsung-dw80b6060usaa-model","","","1","2026-08-28"
"lg-ldfn3432t__will-not-drain","existing-131","implemented","dishwasher","LG","LDFN3432T","will-not-drain","guided-checks","lg-ldfn3432t-model","exp-lg-dishwasher-drain","dishwasher-drain","0","2026-08-28"
"lg-ldfn3432t__door-will-not-close","existing-131","unsupported","dishwasher","LG","LDFN3432T","door-will-not-close","unsupported","lg-ldfn3432t-model","","","1","2026-08-28"
"lg-ldfn3432t__slow-water-flow","existing-131","unsupported","dishwasher","LG","LDFN3432T","slow-water-flow","unsupported","lg-ldfn3432t-model","","","1","2026-08-28"
"lg-ldth7972s__will-not-drain","existing-131","implemented","dishwasher","LG","LDTH7972S","will-not-drain","guided-checks","lg-ldth7972s-model","exp-lg-dishwasher-drain","dishwasher-drain","0","2026-08-28"
"lg-ldth7972s__door-will-not-close","existing-131","unsupported","dishwasher","LG","LDTH7972S","door-will-not-close","unsupported","lg-ldth7972s-model","","","1","2026-08-28"
"lg-ldth7972s__slow-water-flow","existing-131","unsupported","dishwasher","LG","LDTH7972S","slow-water-flow","unsupported","lg-ldth7972s-model","","","1","2026-08-28"
"frigidaire-fdpc4314as__will-not-drain","existing-131","implemented","dishwasher","Frigidaire","FDPC4314AS","will-not-drain","guided-checks","frigidaire-fdpc4314as-model","exp-frigidaire-dishwasher-drain","dishwasher-drain","0","2026-08-28"
"frigidaire-fdpc4314as__door-will-not-close","existing-131","candidate","dishwasher","Frigidaire","FDPC4314AS","door-will-not-close","guided-checks","frigidaire-fdpc4314as-model","frigidaire-dishwasher-door","dishwasher-door-closure-observation","2","2026-08-28"
"frigidaire-fdpc4314as__slow-water-flow","existing-131","unsupported","dishwasher","Frigidaire","FDPC4314AS","slow-water-flow","unsupported","frigidaire-fdpc4314as-model","","","1","2026-08-28"
"electrolux-edsh4944as__will-not-drain","existing-131","implemented","dishwasher","Electrolux","EDSH4944AS","will-not-drain","guided-checks","electrolux-edsh4944as-model","exp-electrolux-dishwasher-drain","dishwasher-drain","0","2026-08-28"
"electrolux-edsh4944as__door-will-not-close","existing-131","unsupported","dishwasher","Electrolux","EDSH4944AS","door-will-not-close","unsupported","electrolux-edsh4944as-model","","","1","2026-08-28"
"electrolux-edsh4944as__slow-water-flow","existing-131","unsupported","dishwasher","Electrolux","EDSH4944AS","slow-water-flow","unsupported","electrolux-edsh4944as-model","","","1","2026-08-28"
"bosch-shx78cm5n01__will-not-drain","existing-131","implemented","dishwasher","Bosch","SHX78CM5N/01","will-not-drain","guided-checks","bosch-shx78cm5n01-model","exp-bosch-dishwasher-drain","dishwasher-drain","0","2026-08-28"
"bosch-shx78cm5n01__door-will-not-close","existing-131","candidate","dishwasher","Bosch","SHX78CM5N/01","door-will-not-close","guided-checks","bosch-shx78cm5n01-model","bosch-dishwasher-door","dishwasher-door-closure-observation","2","2026-08-28"
"bosch-shx78cm5n01__slow-water-flow","existing-131","unsupported","dishwasher","Bosch","SHX78CM5N/01","slow-water-flow","unsupported","bosch-shx78cm5n01-model","","","1","2026-08-28"
"bosch-shp65cm5n24__will-not-drain","existing-131","implemented","dishwasher","Bosch","SHP65CM5N/24","will-not-drain","guided-checks","bosch-shp65cm5n24-model","exp-bosch-dishwasher-drain","dishwasher-drain","0","2026-08-28"
"bosch-shp65cm5n24__door-will-not-close","existing-131","candidate","dishwasher","Bosch","SHP65CM5N/24","door-will-not-close","guided-checks","bosch-shp65cm5n24-model","bosch-dishwasher-door","dishwasher-door-closure-observation","2","2026-08-28"
"bosch-shp65cm5n24__slow-water-flow","existing-131","unsupported","dishwasher","Bosch","SHP65CM5N/24","slow-water-flow","unsupported","bosch-shp65cm5n24-model","","","1","2026-08-28"
"bosch-she53b75uc75__will-not-drain","existing-131","implemented","dishwasher","Bosch","SHE53B75UC/75","will-not-drain","guided-checks","bosch-she53b75uc75-model","exp-bosch-dishwasher-drain","dishwasher-drain","0","2026-08-28"
"bosch-she53b75uc75__door-will-not-close","existing-131","candidate","dishwasher","Bosch","SHE53B75UC/75","door-will-not-close","guided-checks","bosch-she53b75uc75-model","bosch-dishwasher-door","dishwasher-door-closure-observation","2","2026-08-28"
"bosch-she53b75uc75__slow-water-flow","existing-131","unsupported","dishwasher","Bosch","SHE53B75UC/75","slow-water-flow","unsupported","bosch-she53b75uc75-model","","","1","2026-08-28"
"ge-gfd55essnww__will-not-drain","existing-131","unsupported","dryer","GE","GFD55ESSNWW","will-not-drain","unsupported","ge-gfd55essnww-model","","","1","2026-08-28"
"ge-gfd55essnww__door-will-not-close","existing-131","implemented","dryer","GE","GFD55ESSNWW","door-will-not-close","purchase-ready","ge-gfd55essnww-model","exp-ge-dryer-start","dryer-door-strike","0","2026-08-28"
"ge-gfd55essnww__slow-water-flow","existing-131","unsupported","dryer","GE","GFD55ESSNWW","slow-water-flow","unsupported","ge-gfd55essnww-model","","","1","2026-08-28"
"ge-ptd70ebstws__will-not-drain","existing-131","unsupported","dryer","GE","PTD70EBSTWS","will-not-drain","unsupported","ge-ptd70ebstws-model","","","1","2026-08-28"
"ge-ptd70ebstws__door-will-not-close","existing-131","implemented","dryer","GE","PTD70EBSTWS","door-will-not-close","guided-checks","ge-ptd70ebstws-model","exp-ge-dryer-start","dryer-door-strike","0","2026-08-28"
"ge-ptd70ebstws__slow-water-flow","existing-131","unsupported","dryer","GE","PTD70EBSTWS","slow-water-flow","unsupported","ge-ptd70ebstws-model","","","1","2026-08-28"
"ge-gtx33easkww__will-not-drain","existing-131","unsupported","dryer","GE","GTX33EASKWW","will-not-drain","unsupported","ge-gtx33easkww-model","","","1","2026-08-28"
"ge-gtx33easkww__door-will-not-close","existing-131","implemented","dryer","GE","GTX33EASKWW","door-will-not-close","guided-checks","ge-gtx33easkww-model","exp-ge-dryer-start","dryer-door-strike","0","2026-08-28"
"ge-gtx33easkww__slow-water-flow","existing-131","unsupported","dryer","GE","GTX33EASKWW","slow-water-flow","unsupported","ge-gtx33easkww-model","","","1","2026-08-28"
"hotpoint-htx26easwww__will-not-drain","existing-131","unsupported","dryer","Hotpoint","HTX26EASWWW","will-not-drain","unsupported","hotpoint-htx26easwww-model","","","1","2026-08-28"
"hotpoint-htx26easwww__door-will-not-close","existing-131","implemented","dryer","Hotpoint","HTX26EASWWW","door-will-not-close","guided-checks","hotpoint-htx26easwww-model","exp-hotpoint-dryer-start","dryer-door-strike","0","2026-08-28"
"hotpoint-htx26easwww__slow-water-flow","existing-131","unsupported","dryer","Hotpoint","HTX26EASWWW","slow-water-flow","unsupported","hotpoint-htx26easwww-model","","","1","2026-08-28"
"whirlpool-wed4815ew__will-not-drain","existing-131","unsupported","dryer","Whirlpool","WED4815EW","will-not-drain","unsupported","whirlpool-wed4815ew-model","","","1","2026-08-28"
"whirlpool-wed4815ew__door-will-not-close","existing-131","implemented","dryer","Whirlpool","WED4815EW","door-will-not-close","purchase-ready","whirlpool-wed4815ew-model","exp-whirlpool-dryer-start","dryer-door-strike","0","2026-08-28"
"whirlpool-wed4815ew__slow-water-flow","existing-131","unsupported","dryer","Whirlpool","WED4815EW","slow-water-flow","unsupported","whirlpool-wed4815ew-model","","","1","2026-08-28"
"whirlpool-wed5050lw__will-not-drain","existing-131","unsupported","dryer","Whirlpool","WED5050LW","will-not-drain","unsupported","whirlpool-wed5050lw-model","","","1","2026-08-28"
"whirlpool-wed5050lw__door-will-not-close","existing-131","implemented","dryer","Whirlpool","WED5050LW","door-will-not-close","purchase-ready","whirlpool-wed5050lw-model","exp-whirlpool-dryer-start","dryer-door-strike","0","2026-08-28"
"whirlpool-wed5050lw__slow-water-flow","existing-131","unsupported","dryer","Whirlpool","WED5050LW","slow-water-flow","unsupported","whirlpool-wed5050lw-model","","","1","2026-08-28"
"maytag-med6230hw__will-not-drain","existing-131","unsupported","dryer","Maytag","MED6230HW","will-not-drain","unsupported","maytag-med6230hw-model","","","1","2026-08-28"
"maytag-med6230hw__door-will-not-close","existing-131","implemented","dryer","Maytag","MED6230HW","door-will-not-close","guided-checks","maytag-med6230hw-model","exp-maytag-dryer-start","dryer-door-strike","0","2026-08-28"
"maytag-med6230hw__slow-water-flow","existing-131","unsupported","dryer","Maytag","MED6230HW","slow-water-flow","unsupported","maytag-med6230hw-model","","","1","2026-08-28"
"maytag-med7230hw__will-not-drain","existing-131","unsupported","dryer","Maytag","MED7230HW","will-not-drain","unsupported","maytag-med7230hw-model","","","1","2026-08-28"
"maytag-med7230hw__door-will-not-close","existing-131","implemented","dryer","Maytag","MED7230HW","door-will-not-close","guided-checks","maytag-med7230hw-model","exp-maytag-dryer-start","dryer-door-strike","0","2026-08-28"
"maytag-med7230hw__slow-water-flow","existing-131","unsupported","dryer","Maytag","MED7230HW","slow-water-flow","unsupported","maytag-med7230hw-model","","","1","2026-08-28"
"amana-ned5800hw__will-not-drain","existing-131","unsupported","dryer","Amana","NED5800HW","will-not-drain","unsupported","amana-ned5800hw-model","","","1","2026-08-28"
"amana-ned5800hw__door-will-not-close","existing-131","implemented","dryer","Amana","NED5800HW","door-will-not-close","guided-checks","amana-ned5800hw-model","exp-amana-dryer-start","dryer-door-strike","0","2026-08-28"
"amana-ned5800hw__slow-water-flow","existing-131","unsupported","dryer","Amana","NED5800HW","slow-water-flow","unsupported","amana-ned5800hw-model","","","1","2026-08-28"
"samsung-dve50t5300ca3__will-not-drain","existing-131","unsupported","dryer","Samsung","DVE50T5300C/A3","will-not-drain","unsupported","samsung-dve50t5300ca3-model","","","1","2026-08-28"
"samsung-dve50t5300ca3__door-will-not-close","existing-131","implemented","dryer","Samsung","DVE50T5300C/A3","door-will-not-close","guided-checks","samsung-dve50t5300ca3-model","exp-samsung-dryer-door","dryer-door-strike","0","2026-08-28"
"samsung-dve50t5300ca3__slow-water-flow","existing-131","unsupported","dryer","Samsung","DVE50T5300C/A3","slow-water-flow","unsupported","samsung-dve50t5300ca3-model","","","1","2026-08-28"
"samsung-dve45b6300pa3__will-not-drain","existing-131","unsupported","dryer","Samsung","DVE45B6300P/A3","will-not-drain","unsupported","samsung-dve45b6300pa3-model","","","1","2026-08-28"
"samsung-dve45b6300pa3__door-will-not-close","existing-131","implemented","dryer","Samsung","DVE45B6300P/A3","door-will-not-close","guided-checks","samsung-dve45b6300pa3-model","exp-samsung-dryer-door","dryer-door-strike","0","2026-08-28"
"samsung-dve45b6300pa3__slow-water-flow","existing-131","unsupported","dryer","Samsung","DVE45B6300P/A3","slow-water-flow","unsupported","samsung-dve45b6300pa3-model","","","1","2026-08-28"
"lg-dle6100w__will-not-drain","existing-131","unsupported","dryer","LG","DLE6100W","will-not-drain","unsupported","lg-dle6100w-model","","","1","2026-08-28"
"lg-dle6100w__door-will-not-close","existing-131","implemented","dryer","LG","DLE6100W","door-will-not-close","guided-checks","lg-dle6100w-model","exp-lg-dryer-door","dryer-door-strike","0","2026-08-28"
"lg-dle6100w__slow-water-flow","existing-131","unsupported","dryer","LG","DLE6100W","slow-water-flow","unsupported","lg-dle6100w-model","","","1","2026-08-28"
"lg-dlex4000w__will-not-drain","existing-131","unsupported","dryer","LG","DLEX4000W","will-not-drain","unsupported","lg-dlex4000w-model","","","1","2026-08-28"
"lg-dlex4000w__door-will-not-close","existing-131","implemented","dryer","LG","DLEX4000W","door-will-not-close","guided-checks","lg-dlex4000w-model","exp-lg-dryer-door","dryer-door-strike","0","2026-08-28"
"lg-dlex4000w__slow-water-flow","existing-131","unsupported","dryer","LG","DLEX4000W","slow-water-flow","unsupported","lg-dlex4000w-model","","","1","2026-08-28"
"electrolux-elfe7337aw__will-not-drain","existing-131","unsupported","dryer","Electrolux","ELFE7337AW","will-not-drain","unsupported","electrolux-elfe7337aw-model","","","1","2026-08-28"
"electrolux-elfe7337aw__door-will-not-close","existing-131","implemented","dryer","Electrolux","ELFE7337AW","door-will-not-close","guided-checks","electrolux-elfe7337aw-model","exp-electrolux-dryer-start","dryer-door-strike","0","2026-08-28"
"electrolux-elfe7337aw__slow-water-flow","existing-131","unsupported","dryer","Electrolux","ELFE7337AW","slow-water-flow","unsupported","electrolux-elfe7337aw-model","","","1","2026-08-28"
"frigidaire-flve7000aw__will-not-drain","existing-131","unsupported","dryer","Frigidaire","FLVE7000AW","will-not-drain","unsupported","frigidaire-flve7000aw-model","","","1","2026-08-28"
"frigidaire-flve7000aw__door-will-not-close","existing-131","implemented","dryer","Frigidaire","FLVE7000AW","door-will-not-close","guided-checks","frigidaire-flve7000aw-model","exp-frigidaire-dryer-start","dryer-door-strike","0","2026-08-28"
"frigidaire-flve7000aw__slow-water-flow","existing-131","unsupported","dryer","Frigidaire","FLVE7000AW","slow-water-flow","unsupported","frigidaire-flve7000aw-model","","","1","2026-08-28"
"bosch-wtg86403uc01__will-not-drain","existing-131","unsupported","dryer","Bosch","WTG86403UC/01","will-not-drain","unsupported","bosch-wtg86403uc01-model","","","1","2026-08-28"
"bosch-wtg86403uc01__door-will-not-close","existing-131","implemented","dryer","Bosch","WTG86403UC/01","door-will-not-close","guided-checks","bosch-wtg86403uc01-model","exp-bosch-compact-dryer-support","dryer-door-strike","0","2026-08-28"
"bosch-wtg86403uc01__slow-water-flow","existing-131","unsupported","dryer","Bosch","WTG86403UC/01","slow-water-flow","unsupported","bosch-wtg86403uc01-model","","","1","2026-08-28"
"lg-wm4000hba__will-not-drain","recommended-addition","candidate","washer","LG","WM4000HBA","will-not-drain","guided-checks","lg-wm4000hba-model","lg-wm4000hba-current-1","washer-will-not-drain-existing-conservative-profile","2","2026-08-28"
"lg-wm4000hba__door-will-not-close","recommended-addition","candidate","washer","LG","WM4000HBA","door-will-not-close","guided-checks","lg-wm4000hba-model","lg-front-washer-door","washer-door-closure-observation","2","2026-08-28"
"lg-wm4000hba__slow-water-flow","recommended-addition","unsupported","washer","LG","WM4000HBA","slow-water-flow","unsupported","lg-wm4000hba-model","","","1","2026-08-28"
"ge-gtw325aswww__will-not-drain","recommended-addition","candidate","washer","GE","GTW325ASWWW","will-not-drain","guided-checks","ge-gtw325aswww-model","ge-gtw325aswww-current-1","washer-will-not-drain-existing-conservative-profile","2","2026-08-28"
"ge-gtw325aswww__door-will-not-close","recommended-addition","unsupported","washer","GE","GTW325ASWWW","door-will-not-close","unsupported","ge-gtw325aswww-model","","","1","2026-08-28"
"ge-gtw325aswww__slow-water-flow","recommended-addition","unsupported","washer","GE","GTW325ASWWW","slow-water-flow","unsupported","ge-gtw325aswww-model","","","1","2026-08-28"
"bosch-shp78cm5n34__will-not-drain","recommended-addition","candidate","dishwasher","Bosch","SHP78CM5N/34","will-not-drain","guided-checks","bosch-shp78cm5n34-model","bosch-shp78cm5n34-current-1","dishwasher-will-not-drain-existing-conservative-profile","2","2026-08-28"
"bosch-shp78cm5n34__door-will-not-close","recommended-addition","candidate","dishwasher","Bosch","SHP78CM5N/34","door-will-not-close","guided-checks","bosch-shp78cm5n34-model","bosch-dishwasher-door","dishwasher-door-closure-observation","2","2026-08-28"
"bosch-shp78cm5n34__slow-water-flow","recommended-addition","unsupported","dishwasher","Bosch","SHP78CM5N/34","slow-water-flow","unsupported","bosch-shp78cm5n34-model","","","1","2026-08-28"
"samsung-dw80cg5450sr-aa__will-not-drain","recommended-addition","candidate","dishwasher","Samsung","DW80CG5450SR/AA","will-not-drain","guided-checks","samsung-dw80cg5450sr-aa-model","samsung-dw80cg5450sr-aa-current-1","dishwasher-will-not-drain-existing-conservative-profile","2","2026-08-28"
"samsung-dw80cg5450sr-aa__door-will-not-close","recommended-addition","candidate","dishwasher","Samsung","DW80CG5450SR/AA","door-will-not-close","guided-checks","samsung-dw80cg5450sr-aa-model","samsung-dishwasher-door","dishwasher-door-closure-observation","2","2026-08-28"
"samsung-dw80cg5450sr-aa__slow-water-flow","recommended-addition","unsupported","dishwasher","Samsung","DW80CG5450SR/AA","slow-water-flow","unsupported","samsung-dw80cg5450sr-aa-model","","","1","2026-08-28"
"lg-dle7000w__will-not-drain","recommended-addition","unsupported","dryer","LG","DLE7000W","will-not-drain","unsupported","lg-dle7000w-model","","","1","2026-08-28"
"lg-dle7000w__door-will-not-close","recommended-addition","candidate","dryer","LG","DLE7000W","door-will-not-close","guided-checks","lg-dle7000w-model","lg-dle7000w-current-1","dryer-door-will-not-close-existing-conservative-profile","2","2026-08-28"
"lg-dle7000w__slow-water-flow","recommended-addition","unsupported","dryer","LG","DLE7000W","slow-water-flow","unsupported","lg-dle7000w-model","","","1","2026-08-28"
"ge-gtd38easwws__will-not-drain","recommended-addition","unsupported","dryer","GE","GTD38EASWWS","will-not-drain","unsupported","ge-gtd38easwws-model","","","1","2026-08-28"
"ge-gtd38easwws__door-will-not-close","recommended-addition","candidate","dryer","GE","GTD38EASWWS","door-will-not-close","guided-checks","ge-gtd38easwws-model","ge-gtd38easwws-current-1","dryer-door-will-not-close-existing-conservative-profile","2","2026-08-28"
"ge-gtd38easwws__slow-water-flow","recommended-addition","unsupported","dryer","GE","GTD38EASWWS","slow-water-flow","unsupported","ge-gtd38easwws-model","","","1","2026-08-28"
"whirlpool-wrs321sdhz08__will-not-drain","recommended-addition","unsupported","refrigerator","Whirlpool","WRS321SDHZ","will-not-drain","unsupported","whirlpool-wrs321sdhz08-model","","","1","2026-08-28"
"whirlpool-wrs321sdhz08__door-will-not-close","recommended-addition","candidate","refrigerator","Whirlpool","WRS321SDHZ","door-will-not-close","guided-checks","whirlpool-wrs321sdhz08-model","whirlpool-refrigerator-door","refrigerator-door-closure-observation","2","2026-08-28"
"whirlpool-wrs321sdhz08__slow-water-flow","recommended-addition","candidate","refrigerator","Whirlpool","WRS321SDHZ","slow-water-flow","guided-checks","whirlpool-wrs321sdhz08-model","whirlpool-wrs321sdhz08-current-1","refrigerator-slow-water-flow-existing-conservative-profile","2","2026-08-28"
"samsung-rf27cg5100sr-aa__will-not-drain","recommended-addition","unsupported","refrigerator","Samsung","RF27CG5100SR/AA","will-not-drain","unsupported","samsung-rf27cg5100sr-aa-model","","","1","2026-08-28"
"samsung-rf27cg5100sr-aa__door-will-not-close","recommended-addition","candidate","refrigerator","Samsung","RF27CG5100SR/AA","door-will-not-close","guided-checks","samsung-rf27cg5100sr-aa-model","samsung-refrigerator-door","refrigerator-door-closure-observation","2","2026-08-28"
"samsung-rf27cg5100sr-aa__slow-water-flow","recommended-addition","candidate","refrigerator","Samsung","RF27CG5100SR/AA","slow-water-flow","guided-checks","samsung-rf27cg5100sr-aa-model","samsung-rf27cg5100sr-aa-current-1","refrigerator-slow-water-flow-existing-conservative-profile","2","2026-08-28"
